data__fourier_entropy__bins_10,data__fourier_entropy__bins_100,data__fourier_entropy__bins_5,data__ratio_beyond_r_sigma__r_10,"data__agg_linear_trend__attr_""rvalue""__chunk_len_10__f_agg_""min""","data__agg_linear_trend__attr_""rvalue""__chunk_len_5__f_agg_""max""",data__kurtosis,data__partial_autocorrelation__lag_1,data__cid_ce__normalize_True,"data__agg_autocorrelation__f_agg_""mean""__maxlag_40",id_KI
0.1360021696648796,0.2263634575785358,0.0907289936621287,0.0,0.0902149146512783,-0.0400192194393432,11.928791378038856,0.9988814155836748,10.13253095604708,0.583175767758816,0
0.1704673537887455,0.2263634575785358,0.0907289936621287,0.0,0.0839172663261717,-0.0368275665095461,13.710368770623516,0.9987567747436528,10.671813329865108,0.6172592030255841,0
0.1360021696648796,0.2263634575785358,0.0907289936621287,0.0,0.0881034756459863,-0.0381191854851379,12.284155833211376,0.9988468126349102,10.285137071156935,0.6022403284190828,0
0.1360021696648796,0.2263634575785358,0.0907289936621287,0.0,0.0892677406488653,-0.0390751027957388,12.275533555731082,0.9987874433972644,10.541584434311709,0.5969369328585223,0
0.1360021696648796,0.2263634575785358,0.0907289936621287,0.0,0.089420258902482,-0.0397725054049996,11.854050195634263,0.998883237825932,10.12448727788613,0.5882150234923617,0
0.1360021696648796,0.2263634575785358,0.0907289936621287,0.0,0.0882301423946884,-0.0390837433914142,12.17433547981272,0.9988699399255716,10.1834287860285,0.5965094822425445,0
0.1360021696648796,0.2263634575785358,0.0907289936621287,0.0,0.087905162988091,-0.0382114584905039,13.077686553238117,0.9987695255104814,10.617852277846543,0.6001099265844333,0
0.1360021696648796,0.2263634575785358,0.0907289936621287,0.0,0.0907014086142257,-0.0397704958817527,12.50781695093612,0.9987891691455002,10.534319002098044,0.5851783026480695,0
0.1360021696648796,0.2263634575785358,0.0907289936621287,0.0,0.0864108315123708,-0.0379673017678536,12.836553486706933,0.9988494533186124,10.2734607770384,0.6060249740148786,0
0.1360021696648796,0.1812138217044036,0.0907289936621287,0.0,0.0865008117105621,-0.0378430256129831,12.528797252445395,0.9988611063595968,10.22227242870761,0.6057833791255114,0
0.1360021696648796,0.2263634575785358,0.0907289936621287,0.0,0.0899469280285873,-0.0397503609140746,12.692282100556827,0.9987861401597136,10.547250416212805,0.5827868471618947,0
0.1360021696648796,0.2263634575785358,0.0907289936621287,0.0,0.0883270247318191,-0.0386382552925687,13.245700308379584,0.9988111366020528,10.440019262967876,0.596871023138977,0
0.1360021696648796,0.2263634575785358,0.0907289936621287,0.0,0.0882746826750333,-0.0383773861749364,13.401927387654938,0.9988009283349456,10.483949023930544,0.5997189961962218,0
0.1360021696648796,0.2263634575785358,0.0907289936621287,0.0,0.0888908394899721,-0.039067139009425,13.475624297387322,0.998736921284273,10.75517167071538,0.5965238665758535,0
0.1597208858730875,0.1812138217044036,0.0799825257464707,0.0,0.0802354578921203,-0.0345628030709785,10.956074364281353,0.9990464695484728,9.370997711123538,0.6416962876995973,0
0.1704673537887455,0.1812138217044036,0.0907289936621287,0.0,0.0882183497463739,-0.0386921790965967,9.797876743461051,0.9990705432439274,9.254684862228403,0.6041435615238956,0
0.1360021696648796,0.1812138217044036,0.0907289936621287,0.0,0.0882396948757212,-0.0388473991399402,9.72240172406002,0.9990715974304784,9.249543109049888,0.6016696814789381,0
0.1704673537887455,0.1812138217044036,0.0907289936621287,0.0,0.0882154388529916,-0.0389157877280276,9.84081136751161,0.999037936969828,9.411893627991509,0.6026306877386703,0
0.1704673537887455,0.1812138217044036,0.0907289936621287,0.0,0.0883079256985316,-0.0384631217205417,9.861563957737909,0.9990287247453176,9.45579985966025,0.6031758648012916,0
0.1597208858730875,0.1812138217044036,0.0799825257464707,0.0,0.0836619360460385,-0.0369365850918377,10.656718507539004,0.9990022681467604,9.580889753789563,0.6302842689944057,0
0.1704673537887455,0.1812138217044036,0.0907289936621287,0.0,0.0880136313070815,-0.0392119133953691,10.087444764715093,0.999032080453179,9.439848483980972,0.6058857197814318,0
0.1704673537887455,0.1812138217044036,0.0907289936621287,0.0,0.0881182576832646,-0.0388408662255279,10.030100840141769,0.999031902930116,9.44069751608501,0.6049951446402272,0
0.1704673537887455,0.1812138217044036,0.0907289936621287,0.0,0.0880249832882621,-0.0388983927505734,9.901295430458164,0.9990519441718172,9.344681119753703,0.6035436560858237,0
0.1704673537887455,0.1812138217044036,0.0907289936621287,0.0,0.0876222316351958,-0.0385616777867147,9.906877719733076,0.999079541398958,9.210828885944728,0.6061725944479489,0
0.1704673537887455,0.1812138217044036,0.0907289936621287,0.0,0.0867848591119554,-0.041306782847313,9.99398975183392,0.9989995977589652,9.59344519580608,0.6018502111714868,0
0.1704673537887455,0.1812138217044036,0.0799825257464707,0.0,0.0874545392787381,-0.0385891470885107,9.989891412539466,0.999052925945294,9.339941415491912,0.6075003938889083,0
0.1704673537887455,0.1704673537887455,0.0799825257464707,0.0,0.0874812091361487,-0.0384982956712318,10.108349377361384,0.999031963846832,9.440401138152088,0.6101966505537011,0
0.1360021696648796,0.2263634575785358,0.1360021696648796,0.0,0.0713390451503338,-0.0315445552486605,13.55492145249032,0.9991307474529052,8.957159265545803,0.7207897392603915,0
0.1360021696648796,0.1812138217044036,0.1360021696648796,0.0,0.0718895348257027,-0.0313473549389076,12.429942163725476,0.9992495545884296,8.338976144683327,0.6976302352445909,0
0.1360021696648796,0.1812138217044036,0.0799825257464707,0.0,0.074267780409668,-0.0321616055501317,11.708262052312364,0.9992231283244528,8.480379308288242,0.6793546505576213,0
0.1597208858730875,0.1812138217044036,0.0799825257464707,0.0,0.0795759684149428,-0.0347068397794634,11.205284846341346,0.999219833562276,8.497846376246473,0.6497822693031802,0
0.1597208858730875,0.1812138217044036,0.0799825257464707,0.0,0.0819330738098124,-0.0348888707456192,10.97525524080536,0.999202134037312,8.591057049736706,0.640183402585752,0
0.1597208858730875,0.1704673537887455,0.0799825257464707,0.0,0.0805372437225306,-0.0351737164529727,11.104746767993316,0.9992118870469244,8.539822206884825,0.6441415557674213,0
0.1597208858730875,0.1812138217044036,0.0799825257464707,0.0,0.0812480236310874,-0.0355268559698655,10.952038930543608,0.9992019698361652,8.591920508251985,0.6406197269526833,0
0.1597208858730875,0.1704673537887455,0.0799825257464707,0.0,0.0804626415864155,-0.0350654706904766,11.088296792808327,0.9991986385284763,8.609341760297708,0.6460048107571001,0
0.1597208858730875,0.1812138217044036,0.0799825257464707,0.0,0.0815992376015949,-0.0355842768723781,10.923094106739311,0.9991782949988156,8.71503161779697,0.6405177725730888,0
0.1704673537887455,0.1812138217044036,0.0907289936621287,0.0,0.0891228772054078,-0.0391937448042336,10.197786453764335,0.9988965958101133,10.064989676533989,0.5991623874701548,0
0.1360021696648796,0.1812138217044036,0.0907289936621287,0.0,0.0916058364296843,-0.0408269542527657,10.150524286588308,0.9988582481377788,10.235003922230376,0.5854992136302378,0
0.1360021696648796,0.2263634575785358,0.0907289936621287,0.0,0.0921147759748693,-0.0406695241024783,10.066569861370176,0.9988635338904948,10.21172849202472,0.5843106831933668,0
0.1360021696648796,0.1812138217044036,0.0907289936621287,0.0,0.0911844129595591,-0.0403846161669326,9.813329617527216,0.998932579934652,9.902788417250804,0.586785996938816,0
0.1360021696648796,0.1812138217044036,0.0907289936621287,0.0,0.0900529187754283,-0.0395863752327479,9.694700352365848,0.9990075159692836,9.556229880677945,0.5966847701186254,0
0.1704673537887455,0.1812138217044036,0.0907289936621287,0.0,0.090029119656713,-0.0394918500287647,9.800612217976234,0.9989752087165774,9.707167641625489,0.5975275419024132,0
0.1704673537887455,0.2263634575785358,0.0799825257464707,0.0001111111111111,0.0770627180155456,-0.032985154268654,28.70265398776149,0.9987961068040474,10.504654534978703,0.6480853644004198,0
0.1704673537887455,0.2263634575785358,0.0799825257464707,0.0001333333333333,0.077904372679335,-0.0337653108486416,28.4017572373046,0.99878748640459,10.54150988976772,0.6405037406443371,0
0.1704673537887455,0.2263634575785358,0.0907289936621287,0.0001555555555555,0.0773310475014575,-0.0338864739228314,30.16708152334841,0.9987799537584836,10.573595803992562,0.6418157647094912,0
0.1704673537887455,0.2263634575785358,0.0907289936621287,0.0002666666666666,0.0766540430583172,-0.0333824298600212,31.20419162085271,0.9987833649596832,10.55907072150682,0.6491311870183426,0
0.1704673537887455,0.2263634575785358,0.0907289936621287,0.0001777777777777,0.0772721873177781,-0.0342924151798548,30.0209904655893,0.9988172771231814,10.413573980487328,0.6346370405859012,0
0.1704673537887455,0.2263634575785358,0.0907289936621287,0.0003111111111111,0.0777514142834254,-0.0340812519380315,30.34103532039815,0.9987697779001156,10.61681950939446,0.6450530047745991,0
0.1360021696648796,0.2263634575785358,0.0907289936621287,0.0004,0.0755437134900819,-0.0331204958014858,31.3282902517744,0.9987587668979544,10.663377439391814,0.6604271993116446,0
0.1704673537887455,0.2263634575785358,0.0907289936621287,0.0002666666666666,0.0767690103036748,-0.0346182759573537,30.75860174252201,0.9987961114220568,10.504623434619154,0.6368517744091947,0
0.1704673537887455,0.2263634575785358,0.0907289936621287,0.0002444444444444,0.0774960087141362,-0.0348386668617981,32.8736619088466,0.9987530529966564,10.687472554521122,0.6270470157714522,0
0.1704673537887455,0.2263634575785358,0.0907289936621287,0.0003333333333333,0.0757657600612138,-0.0326164072272824,31.29525105990113,0.9988282398288072,10.366097247210265,0.6535537204738574,0
0.1704673537887455,0.2263634575785358,0.0907289936621287,0.0003555555555555,0.076026027057318,-0.0334405220423523,32.08324276529869,0.9987593861637486,10.660747504602512,0.6469824308693946,0
0.1704673537887455,0.2263634575785358,0.0907289936621287,0.0002666666666666,0.0753180413300834,-0.032938732904925,29.48328169668416,0.998824414887402,10.382574635660449,0.6576745422033051,0
0.1704673537887455,0.2263634575785358,0.0907289936621287,0.0003333333333333,0.0732047200848104,-0.0369344355622599,30.74290967398304,0.9987915450785037,10.52411034172506,0.6445064825646696,0
0.1704673537887455,0.2263634575785358,0.0907289936621287,0.0002888888888888,0.0791750708594456,-0.0352087609359924,30.34375011279608,0.9987371581954074,10.754183198876712,0.6340391737873778,0
0.1360021696648796,0.2263634575785358,0.0907289936621287,0.0002222222222222,0.0872441356067545,-0.0379295939643235,17.241418294168746,0.9987344234588978,10.765577321538942,0.5999566755505591,0
0.1360021696648796,0.2263634575785358,0.0907289936621287,0.0,0.0861181462576601,-0.0378124468187564,13.859891791314434,0.9988716245048816,10.175942998320952,0.6034355069802996,0
0.1360021696648796,0.2263634575785358,0.0907289936621287,0.0,0.0859825903768049,-0.0377751315973475,14.026372281524733,0.9988889665856197,10.09894865381679,0.5999419163168419,0
0.1360021696648796,0.2263634575785358,0.0907289936621287,0.0,0.0880721473159017,-0.0392817676277956,14.442761346702378,0.9988542384023626,10.252552587929245,0.5845824502067203,0
0.1360021696648796,0.2263634575785358,0.0907289936621287,0.0,0.0852445351993338,-0.0373432510989741,16.178391946924705,0.9988234938061616,10.386665109912997,0.6037674664072936,0
0.1360021696648796,0.2263634575785358,0.1360021696648796,0.0001111111111111,0.089524856808333,-0.0392274192893905,17.96503080048894,0.9987387910402512,10.74735492530771,0.5658225086665417,0
0.1360021696648796,0.2263634575785358,0.1360021696648796,8.888888888888889e-05,0.0875042262533426,-0.039433525825853,18.91315066080869,0.9987294207863568,10.786526388344786,0.5736710280008642,0
0.1360021696648796,0.2263634575785358,0.1360021696648796,0.0002444444444444,0.0847531079501077,-0.0397113401662261,20.70933660660557,0.9986875058895812,10.959979086443331,0.5843869356406257,0
0.1360021696648796,0.2263634575785358,0.1252557017492216,8.888888888888889e-05,0.0849239659357204,-0.0377665037918263,20.152780765798934,0.9987190404118284,10.829748107335693,0.5957423159410304,0
0.1360021696648796,0.2263634575785358,0.0907289936621287,0.0,0.0862452083512057,-0.0376813336128367,17.540281074929254,0.9987759889074298,10.590471710323117,0.5932734984377732,0
0.1360021696648796,0.2263634575785358,0.1360021696648796,2.2222222222222223e-05,0.0853572520253635,-0.0385960484725691,19.36221483236783,0.9987193339902152,10.8284843052611,0.5859385433577302,0
0.1704673537887455,0.2263634575785358,0.0907289936621287,0.0,0.0863553831546036,-0.0384351453038977,18.844721407687093,0.9987227504433572,10.81429360629608,0.5895632873753189,0
0.1704673537887455,0.2263634575785358,0.0799825257464707,2.2222222222222223e-05,0.0827151756762478,-0.0370445436316662,20.71095817857045,0.9986812061084264,10.985839907676,0.6136475199212242,0
0.1812138217044036,0.2263634575785358,0.1252557017492216,0.0,0.0864147521669878,-0.0378759879159517,18.50933282793926,0.9987464726586625,10.715162339914531,0.5840591321824654,0
0.1704673537887455,0.2263634575785358,0.0799825257464707,0.0,0.0845038277768846,-0.0376988102758318,17.7750554736395,0.99877867415143,10.579050881002551,0.6059054972037841,0
0.1360021696648796,0.2607041092304531,0.1360021696648796,0.0003111111111111,0.0606331152842433,-0.0262462778154305,34.36419683933883,0.9987603389439128,10.656778010233388,0.7468628073339418,0
0.1360021696648796,0.3057282042176628,0.1360021696648796,0.0003333333333333,0.0670404623260792,-0.0289200384606277,38.63257961033693,0.9986711925862922,11.02673419432296,0.6985165546124186,0
0.1360021696648796,0.3057282042176628,0.1360021696648796,0.0003111111111111,0.067018110460928,-0.0296578522000226,37.71147745143643,0.9986066077858532,11.287266938884049,0.7081516046292566,0
0.1360021696648796,0.3057282042176629,0.1360021696648796,0.0003111111111111,0.0663265804467044,-0.0291533355141494,38.17050358107822,0.9986222776586337,11.224617497116288,0.7106440322655816,0
0.1360021696648796,0.2714505771461112,0.1360021696648796,0.0005333333333333,0.0626544744496213,-0.0271821425926939,38.07111594055769,0.9987250526701548,10.804726150879342,0.7238493275824932,0
0.1360021696648796,0.3057282042176628,0.1360021696648796,0.0005111111111111,0.0648248310897195,-0.0281374738429505,38.72192507270922,0.998678317249846,10.99765397113355,0.7098064506610253,0
0.1360021696648796,0.2607041092304532,0.1360021696648796,0.0006444444444444,0.0611849264278949,-0.0261802242702935,39.64285774438497,0.998826854830568,10.37210613255012,0.7202847414028596,0
0.1360021696648796,0.2714505771461112,0.1360021696648796,0.0006444444444444,0.0633610584453571,-0.0278012304533341,39.67482793037407,0.9987155588255566,10.844212655357111,0.7117186197194135,0
0.1360021696648796,0.2714505771461112,0.1360021696648796,0.0006222222222222,0.0679457186203009,-0.026283791487617,41.06463541850821,0.9986881580105932,10.957322788775215,0.6903574122796249,0
0.1360021696648796,0.2607041092304532,0.1360021696648796,0.0006888888888888,0.0633710376497441,-0.0280279902771428,40.03341786068117,0.99876720731528,10.627736529653786,0.7059003385367685,0
0.1360021696648796,0.2607041092304532,0.1360021696648796,0.0008,0.0643137592504912,-0.0282519984787188,41.89618704883677,0.9987172221182404,10.837316390052028,0.6987733366141962,0
0.1360021696648796,0.2714505771461112,0.1360021696648796,0.0008222222222222,0.0641724067589066,-0.0280632748156338,42.87530353547169,0.998723563927179,10.810934219982128,0.6951814423047079,0
0.1360021696648796,0.2607041092304532,0.1360021696648796,0.0008,0.0657267088377637,-0.0289322109149817,41.79246315086787,0.9986843752108204,10.972833651702668,0.6891211308909851,0
0.1360021696648796,0.2607041092304532,0.1360021696648796,0.0007777777777777,0.0618957983993624,-0.0271094471490655,41.8527354555137,0.9987084248456576,10.873739207395344,0.7101528375883053,0
0.1360021696648796,0.2263634575785358,0.0907289936621287,0.0004222222222222,0.076941707262142,-0.034435533785739,31.537882594184914,0.998671744357385,11.024521062306771,0.655671498689802,0
0.1360021696648796,0.1812138217044036,0.1360021696648796,0.0004444444444444,0.0656532960432496,-0.0285454366738823,35.73729232187933,0.9987820263461992,10.564788367728362,0.7020597828845954,0
0.1360021696648796,0.1812138217044036,0.1360021696648796,0.0004888888888888,0.0657559910279049,-0.0291456623119596,36.14242138362893,0.998788935633601,10.53531636940567,0.7047107802278202,0
0.1360021696648796,0.1812138217044036,0.1360021696648796,0.0004888888888888,0.0626608291800513,-0.0273785683697261,35.795291838715286,0.9987392561615188,10.745422814270208,0.7138315519870064,0
0.1360021696648796,0.1812138217044036,0.1360021696648796,0.0004444444444444,0.065697387021504,-0.0288654710235234,34.33303682511299,0.998699168655146,10.91198699087992,0.7011691870415735,0
0.1360021696648796,0.1812138217044036,0.1360021696648796,0.0004222222222222,0.0715001271559015,-0.0312912142819307,32.59996584323584,0.9987238160387548,10.809887327186802,0.679539947588438,0
0.1360021696648796,0.1812138217044036,0.0907289936621287,0.0003777777777777,0.0726167502684775,-0.0321385649756818,32.22765064251036,0.9986366792573445,11.16673194316918,0.6743169005481786,0
0.1360021696648796,0.1812138217044036,0.0907289936621287,0.0004,0.0728018251219674,-0.0324709850546624,32.42632727409681,0.9986070688704568,11.285429064284502,0.6752612419907276,0
0.1360021696648796,0.1812138217044036,0.0907289936621287,0.0003777777777777,0.0747194687803341,-0.0334767979198563,32.785831376254045,0.9986196704472527,11.2350715360007,0.6672354999754041,0
0.1360021696648796,0.1812138217044036,0.0907289936621287,0.0004222222222222,0.0742712426305483,-0.0326164217898647,31.935605952883463,0.9986629259271754,11.060444469502448,0.6698177034866735,0
0.1360021696648796,0.1812138217044036,0.0907289936621287,0.0004444444444444,0.0711406952730022,-0.0308900928405704,32.77223224916596,0.9986603439091528,11.070963490439745,0.681968609813516,0
0.1360021696648796,0.1812138217044036,0.1360021696648796,0.0004,0.0700949781854104,-0.030939273164065,34.48497970215017,0.9986227002927992,11.222927707758789,0.6861139276382143,0
0.1360021696648796,0.1812138217044036,0.0907289936621287,0.0004,0.0749278839071983,-0.0327430091140015,31.915040280962387,0.99864071517784,11.15044727818008,0.6695314317719889,0
0.1360021696648796,0.1812138217044036,0.0907289936621287,0.0004,0.0733926398583713,-0.0324871678205325,33.06241039598166,0.9986597121541736,11.073535471389794,0.6707507330561644,0
0.1597208858730875,0.2263634575785358,0.0799825257464707,0.0003333333333333,0.0777572359823115,-0.0329386814205325,21.67241663176988,0.9986501911069356,11.112055977222516,0.6476477901069817,0
0.1597208858730875,0.2263634575785358,0.0799825257464707,0.0003333333333333,0.076692965254461,-0.033483597828589,23.369881498640257,0.9986848184175896,10.97100975675669,0.6581588511670988,0
0.1704673537887455,0.2909255491410393,0.0799825257464707,0.0003777777777777,0.0757445814285665,-0.0326804370807814,25.72981895323524,0.9986297194573898,11.19470222948321,0.6654611987917024,0
0.1360021696648796,0.2909255491410393,0.0799825257464707,0.0002888888888888,0.0723849211521029,-0.0326630520567055,26.513770105078414,0.9985989227334666,11.3178406339326,0.6782448905358311,0
0.1704673537887455,0.2909255491410393,0.0799825257464707,0.0005111111111111,0.0742746828883364,-0.0326809758487704,27.40955595547777,0.998549945393978,11.510923459307724,0.6690736403455274,0
0.1360021696648796,0.2263634575785358,0.0907289936621287,0.0001333333333333,0.0686141548289994,-0.0286783698046369,28.140220439861952,0.9984483530570876,11.901427036957305,0.7135239003212761,0
0.1360021696648796,0.2909255491410393,0.1360021696648796,0.0003555555555555,0.0694613303646876,-0.0299884003678767,28.91604478894605,0.9985462017554984,11.525503620233549,0.7018195675792163,0
0.1704673537887455,0.2909255491410393,0.0907289936621287,0.0004,0.0731422204212803,-0.031401300069881,28.559638913836228,0.9986188349035068,11.238415361350812,0.683519801092473,0
0.1360021696648796,0.2263634575785358,0.0907289936621287,0.0002888888888888,0.0699109148572045,-0.029365528145371,28.059794147146437,0.9986377973837955,11.162225776293116,0.6998316158499256,0
0.1360021696648796,0.2607041092304531,0.1360021696648796,0.0003555555555555,0.0699307924575669,-0.0293598408732092,29.1306959026713,0.9985909730400422,11.349367449282775,0.7006151724778982,0
0.1360021696648796,0.2263634575785358,0.1360021696648796,0.0003555555555555,0.0658376808036999,-0.0288366782950085,29.06415336094712,0.9986017031503446,11.306767978616444,0.7192655430840226,0
0.1360021696648796,0.2263634575785358,0.1360021696648796,0.0003111111111111,0.0650803694509878,-0.0280476939147045,28.824643087421624,0.9985422174865746,11.541113730012308,0.7269783110931687,0
0.1360021696648796,0.2263634575785358,0.1360021696648796,0.0001777777777777,0.0640068824882176,-0.0274102698617793,28.33795967290443,0.9985778508273344,11.401332284345305,0.7407395416886416,0
0.1360021696648796,0.2909255491410393,0.1360021696648796,0.0002666666666666,0.0681833025073305,-0.0303271752893639,29.011354940326957,0.9984961546147072,11.719333180660223,0.7182492144949831,0
0.1360021696648796,0.1812138217044036,0.1360021696648796,0.0004,0.0677189164361835,-0.0293785059749271,34.52902371022716,0.9987510714339914,10.695842296857345,0.6959581118981246,0
0.1360021696648796,0.1812138217044036,0.1360021696648796,0.0003777777777777,0.0700519412696494,-0.0301692446324815,33.51702801379807,0.998770024816858,10.61579351826754,0.6874700831244132,0
0.1360021696648796,0.1812138217044036,0.1360021696648796,0.0004444444444444,0.0659375073622435,-0.0286715771240035,33.323530663161804,0.998819181473008,10.405317060565489,0.6992153881926552,0
0.1360021696648796,0.1812138217044036,0.1360021696648796,0.0003777777777777,0.0699444900574904,-0.0303734842931403,32.35882566399506,0.99877690349918,10.586594887238414,0.6858504982765895,0
0.1360021696648796,0.1812138217044036,0.0907289936621287,0.0003111111111111,0.072154957607485,-0.0317537382969051,30.029313578531863,0.9987110014743764,10.863084000326156,0.6746235383073687,0
0.1360021696648796,0.1812138217044036,0.1360021696648796,0.0004,0.0710347542579823,-0.0311974433101498,33.507949400139566,0.9987156664701564,10.843738380157689,0.6856247795706432,0
0.1360021696648796,0.2263634575785358,0.1360021696648796,0.0005333333333333,0.070003281620854,-0.031210354034933,34.87645197382171,0.9986211174316038,11.229238985897805,0.6910950599368904,0
0.1360021696648796,0.2263634575785358,0.1360021696648796,0.0005555555555555,0.0706790241510006,-0.0310191220509552,35.454683529912984,0.9986731435263032,11.018771566819318,0.6881011469610767,0
0.1360021696648796,0.3057282042176629,0.1360021696648796,0.0005777777777777,0.0760562830376665,-0.0324487598444878,36.40987426506117,0.998613549855962,11.25953696983962,0.6633410527505954,0
0.1360021696648796,0.1812138217044036,0.1360021696648796,0.0004444444444444,0.0656310301404515,-0.0286218352294077,35.87395065334282,0.9987358682913526,10.75959597562751,0.7040693088815908,0
0.1360021696648796,0.2909255491410393,0.1360021696648796,0.0005777777777777,0.0690346384649894,-0.0310466133611162,37.242091567746094,0.998710317067223,10.865935295778346,0.689149872001309,0
0.1360021696648796,0.1812138217044036,0.1360021696648796,0.0005111111111111,0.0645744545027679,-0.027984188723242,36.6961844262924,0.9987635485917384,10.643208653931024,0.7080807156491703,0
0.1360021696648796,0.1812138217044036,0.1360021696648796,0.0005111111111111,0.0633201526120582,-0.0276483003246682,36.42104362909357,0.9987294250989984,10.786511869235422,0.7115210163203977,0
0.1360021696648796,0.2607041092304532,0.1360021696648796,0.0006,0.0673453782987788,-0.0294105842472996,37.72956781776328,0.9986931407762242,10.936807638016171,0.70285097990955,0
0.1360021696648796,0.2263634575785358,0.1360021696648796,0.0002666666666666,0.0679029795357391,-0.0301468913302564,33.834721909172515,0.9987594719594632,10.660416389704,0.6871412790265726,0
0.1360021696648796,0.1812138217044036,0.0907289936621287,0.0002888888888888,0.0672690786868106,-0.0284647662081361,31.55307271883317,0.9988282721087706,10.365950523340365,0.6932381117502521,0
0.1360021696648796,0.1812138217044036,0.0907289936621287,0.0003777777777777,0.0704367755892158,-0.0305592769675768,32.690973505584324,0.9987097207775728,10.868393755685071,0.6850754358157334,0
0.1360021696648796,0.2263634575785358,0.1360021696648796,0.0004666666666666,0.0743669921654611,-0.0323624078527316,32.66487478989581,0.9987180643693928,10.833814271126212,0.668190891302394,0
0.1360021696648796,0.2263634575785358,0.1360021696648796,0.0005111111111111,0.0726632006225995,-0.0319926611108757,33.71019367490136,0.9986789917136132,10.99490413431529,0.6751094877202171,0
0.1360021696648796,0.2263634575785358,0.1360021696648796,0.0005333333333333,0.0739514327739867,-0.0330316303821052,34.8941601910419,0.998647751210974,11.121996583892146,0.6620200997733605,0
0.1360021696648796,0.2263634575785358,0.1360021696648796,0.0006,0.0735063179190753,-0.0327878190608808,36.54092137343028,0.9986342947267676,11.17634122043567,0.6619791125449096,0
0.1360021696648796,0.1812138217044036,0.1360021696648796,0.0005333333333333,0.0676363442741663,-0.0292530215020778,35.749590347342995,0.9986801986137216,10.98996489788271,0.6980521759255117,0
0.1360021696648796,0.1812138217044036,0.1360021696648796,0.0007111111111111,0.0611096582954945,-0.0265996452351472,37.74464614880392,0.998747031957612,10.71279640171889,0.7193294274454365,0
0.1360021696648796,0.2263634575785358,0.1360021696648796,0.0007555555555555,0.0700585808804121,-0.030287419568432,38.38314543558186,0.9986545609486108,11.094416091047846,0.6845040521629899,0
0.1360021696648796,0.2263634575785358,0.1360021696648796,0.0006888888888888,0.0693824147605851,-0.0307361442462308,36.45454797615941,0.9987108287226756,10.863817880741095,0.6852508263710401,0
0.1360021696648796,0.2263634575785358,0.1360021696648796,0.0007777777777777,0.0668212327805761,-0.0292394558832178,39.23583126573906,0.9987543347285752,10.682072604607498,0.6933758669744133,0
0.1360021696648796,0.1812138217044036,0.1360021696648796,0.0006444444444444,0.0649002767009173,-0.0278074664966666,36.8453633270811,0.9987497669080406,10.7013228351133,0.7064211842593575,0
0.1360021696648796,0.2263634575785358,0.1360021696648796,0.0006222222222222,0.0701864311280538,-0.0309585739572004,36.68819134503185,0.9987465441708362,10.714848552445048,0.6781999086652373,0
0.5751986440422225,1.6230479805925822,0.2780975762021836,0.0027777777777777,0.2625718717889043,-0.1767576583566722,86.30836505528752,0.8888861051686034,100.0101410176484,-0.0178463260074039,1
0.5778327376359496,1.5849123404585563,0.2780975762021836,0.0025555555555555,0.2619100617666609,-0.176513958512058,90.8237592657982,0.8911730407344933,98.97579841775443,-0.0173136432831254,1
0.58559621946106,1.6392189053889157,0.3007396898094805,0.0029111111111111,0.2605675548049649,-0.1743651295819127,90.32494470134998,0.8792944410365888,104.2365525861133,-0.0135487266845373,1
0.5707935643844364,1.6700803659633328,0.3007396898094805,0.0023111111111111,0.2629409724180683,-0.1764420446337855,97.64456187527476,0.8760222833254988,105.63970155478006,-0.0171252616423207,1
0.5666586712331808,1.4472975088391773,0.2540933576978907,0.0024666666666666,0.2620874818786506,-0.1687132555948458,98.01322055920684,0.9068765345178066,91.55831826434972,-0.0176245460580418,1
0.5666586712331808,1.3895060954116063,0.2540933576978907,0.0021555555555555,0.2591664379461508,-0.1676374456898123,113.53379448478596,0.9129293264199246,88.53353307768315,-0.0188123559808614,1
0.58559621946106,1.532908710797545,0.3007396898094805,0.0024666666666666,0.2476849166371621,-0.1645223210877759,112.9113064654403,0.8891819069891838,99.8769579736938,-0.01529817234254,1
0.5291769319768297,1.296547458213795,0.2540933576978907,0.0022888888888888,0.2697348698917262,-0.1636648056203721,88.22305843084833,0.9090378632439966,90.4898358030482,-0.01992535563328,1
0.5291769319768297,1.4007849364293672,0.2540933576978907,0.0024,0.2709044429059971,-0.1676685592647138,90.30566643228435,0.9074690452849596,91.26664701432288,-0.0192869537183035,1
0.4589426646082907,1.2611108663519046,0.2540933576978907,0.0019555555555555,0.2643818990461415,-0.1557141033326033,112.12541429836776,0.9227235117172368,83.40701037257311,-0.0221895522435855,1
0.45412503941803,1.2589273347553709,0.2284647054834789,0.0020666666666666,0.2665438122894941,-0.159089574811462,98.81299811648944,0.920749244530495,84.46543369816104,-0.0232820197256386,1
0.4589426646082907,1.1659244437181358,0.2540933576978907,0.0018666666666666,0.2638158118190327,-0.1516290373167272,110.48911406784148,0.9273331269529858,80.88184738963581,-0.022973752792229,1
0.4804356004396068,1.2656176155100634,0.2627423325550306,0.0021111111111111,0.2588629480245588,-0.1585250386397443,100.23317394208912,0.9115472394188944,89.23324237597325,-0.0171852239405852,1
0.4804356004396068,1.3523213158556266,0.2627423325550306,0.0021555555555555,0.2580183371100221,-0.1591063800777235,101.7780360099336,0.9050716698766664,92.44111560234772,-0.0199920072397851,1
0.5771044838324568,1.3921924683843,0.3688453853494596,0.0018666666666666,0.2316358736288112,-0.1428683736290155,186.57755020471657,0.9293639301676208,79.7439964158976,-0.0284047216528862,1
0.3678259509070959,1.0832239160090504,0.1812138217044036,0.0023333333333333,0.2344861589101195,-0.1413108101216167,125.21326644180698,0.9296672457894748,79.57265366539971,-0.03800796834196,1
0.4350393701390004,1.0423355374049363,0.2156169896628777,0.0022666666666666,0.2429808893625794,-0.1478292572250839,121.24135608858008,0.9302704420697752,79.2308067495629,-0.036122346623706,1
0.3678259509070959,1.0469283251011106,0.1704673537887455,0.0020666666666666,0.2420204328882635,-0.150449740059766,121.96974815201708,0.9380395125334882,74.6881513243567,-0.0332080920680198,1
0.3678259509070959,1.046391724565902,0.1704673537887455,0.0023111111111111,0.2327921766350699,-0.1448121486649531,121.0614885010814,0.9269875639371123,81.07387492323815,-0.038127975728702,1
0.4911820683552649,1.2522370540006784,0.3718821380680615,0.0018222222222222,0.2455766852462892,-0.137235864712111,134.4830132319018,0.9443800789104054,70.76497424645471,-0.0278968536611537,1
0.5459599001276872,1.311215524464273,0.344486999501408,0.0016444444444444,0.2435211289757061,-0.1338458951172012,136.10549567503324,0.9482679827483852,68.24791603476791,-0.0258152198817429,1
0.5059847234318885,1.2654067135533686,0.344486999501408,0.0016222222222222,0.2477432052983108,-0.1390669160667261,120.69850732474303,0.9388090873335896,74.22304041535519,-0.0219491022073447,1
0.5991340201989818,1.2741944873665794,0.3718821380680615,0.0017333333333333,0.241106745824564,-0.1382689320876134,150.1629396855796,0.9464294397617894,69.4495734009551,-0.0259388772757266,1
0.5547014651410128,1.2715603937728523,0.344486999501408,0.0016444444444444,0.2528210281693833,-0.1470293786534108,113.64979923764916,0.9363227296439044,75.71543407143679,-0.0296840395629209,1
0.5776410843676657,1.318013900059131,0.3524866952952635,0.0019333333333333,0.2356614138700043,-0.1436836812205041,147.38176711150956,0.9322126705779772,78.11993358057993,-0.0291030128822611,1
0.5883875522833237,1.2572943392314375,0.3524866952952635,0.002,0.2410535817086094,-0.1459951660021254,123.50060491371816,0.9213656676997624,84.13639302585976,-0.0291395139729331,1
0.4865892806590905,1.1262536313965426,0.2990539114982909,0.0022222222222222,0.2408557217776969,-0.1393545299187548,107.50479631437793,0.935741366389622,76.06016352704175,-0.0361735802317682,1
0.4228025624218362,1.1160437640160936,0.2459014541538295,0.0023111111111111,0.2361457737619799,-0.1488927900156164,114.23697771112852,0.9186871542976393,85.55696038258299,-0.0360317654762773,1
0.3795918532651177,1.1492130293807703,0.1704673537887455,0.0023333333333333,0.2310897520282402,-0.1532102118667853,134.00594136200812,0.9144960168680272,87.73361642042317,-0.0344907865431746,1
0.4166488822023526,1.098607015345743,0.2540933576978907,0.0021333333333333,0.2362930930688685,-0.1525083320859157,113.84276420008602,0.9254278785076284,81.93498510228594,-0.0288005042566944,1
0.4419544883877793,1.137278952962909,0.2540933576978907,0.0021777777777777,0.2396370626888246,-0.1493721071783478,110.47155570655332,0.9218010189450474,83.90322934883066,-0.0277670560245969,1
0.471786625582467,1.174000714343757,0.2780975762021836,0.0022888888888888,0.2308297561888265,-0.1452257687440522,119.51958776011264,0.9154530111935968,87.24138865738556,-0.0289143569236773,1
0.5238841549612772,1.1745734185752756,0.2653764261487576,0.0022,0.237193487332076,-0.1501772295598654,119.45057558238868,0.9236095975364382,82.9275794811361,-0.016413768813049,1
0.4986930038100032,1.1632542464280988,0.2627423325550306,0.0021333333333333,0.2418009007809839,-0.1496995462426959,110.90693617322472,0.9277546714083944,80.64697811974341,-0.0168326260612523,1
0.5480111843863203,1.2601172784797097,0.3418529059076809,0.0018444444444444,0.2483534577795195,-0.1570792511584151,108.41001138666896,0.9375930464555644,74.95666072669584,-0.0050760775399672,1
0.6005121014777751,1.4560852826523882,0.379816690759204,0.0021111111111111,0.2422463781176172,-0.1646359495876783,113.82280201424857,0.9122069552939722,88.89993491109155,-0.0065673740216752,1
0.5137204963807132,1.2917298330235345,0.3184012759739175,0.0018888888888888,0.2452351129880238,-0.1614002048626264,101.82098501319096,0.9286706351246924,80.13426343687566,-0.0019813687954415,1
0.564911332521462,1.5093020963647443,0.3651918573133689,0.0020444444444444,0.2480118264868468,-0.1647691783385739,100.17257221891084,0.907804173976059,91.10126206055838,-0.001563654740256,1
0.5163545899744401,1.334940542180253,0.3203599700763648,0.0018444444444444,0.2413231261930577,-0.1599156754587259,108.77610553792256,0.9242514704336786,82.57854542136353,0.0037648860392012,1
0.5372647164706622,1.3247306747998038,0.3229940636700918,0.0018888888888888,0.2376659406861069,-0.1675202461435635,116.33520570730872,0.9154832292044924,87.22580075895588,0.0097640576119367,1
0.5439549972253548,1.3019397004039834,0.3332039310505411,0.0019333333333333,0.2401873377879836,-0.1595623271635717,111.73644008368449,0.921157172419809,84.24782957606821,0.0074306925196485,1
0.4787866798309279,1.4383053157877108,0.3332039310505411,0.0021111111111111,0.2503857673512583,-0.1664617051788595,97.03713535342672,0.8951906604647937,97.1320283699981,0.0055615811312925,1
0.5035106290002639,1.299815713359485,0.2990539114982909,0.0018444444444444,0.2409545037684947,-0.1597609578608453,119.75272066110668,0.9176482152134056,86.10166028815928,0.0145588050480802,1
0.4865892806590905,1.394282363713063,0.3077028863554308,0.0019555555555555,0.2486435454588585,-0.1531381941565864,115.08515471034478,0.914083927349691,87.94472528511014,0.0086605333065993,1
0.4796741624103117,1.3043150580097094,0.239211173399137,0.0017777777777777,0.2526846072291893,-0.1506846911565077,104.38849393336368,0.933315128788563,77.48228855047638,0.0108712220132076,1
0.4920027230553107,1.3951720841781985,0.2627423325550306,0.0017333333333333,0.2535285179230246,-0.1422065760622674,122.55391885527769,0.9269740404727596,81.08138068310718,0.0124266364092138,1
0.4689276944946536,1.285264389762928,0.2499576413147951,0.0017555555555555,0.2520062408920125,-0.144221196115432,112.87576126555584,0.9317345773215392,78.39484363966112,0.0052603643742407,1
0.4358008081682956,1.277688615976206,0.2499576413147951,0.0016444444444444,0.2501395018580124,-0.1421766763542432,110.44057824333544,0.9382886639343836,74.53788833490226,0.0032341884467726,1
0.4317446210073301,1.2628859608995826,0.2459014541538295,0.0016888888888888,0.2487453909645314,-0.1451301002443863,114.7794816696719,0.940053038089215,73.46500289628176,-0.002108260442207,1
0.4911820683552649,1.413578268860679,0.2801790812253812,0.0017333333333333,0.2544972005187936,-0.1452502415492786,103.03427723906212,0.9317401930963322,78.39162008615081,-0.0121038157362095,1
0.5027491909709687,1.3634650535333273,0.2801790812253812,0.0018888888888888,0.2526180348330053,-0.14147631306038,119.77265855194186,0.9294915305262076,79.67196015706337,-0.0144702791433212,1
0.5365032784413671,1.480830080247696,0.2995905120334998,0.0018,0.2533579410163191,-0.1496953193705696,104.25901392210814,0.923852554207628,82.79563888504873,-0.0085486485234257,1
0.4906454678200561,1.3597577588691825,0.2929002312788072,0.0016888888888888,0.2545959945577279,-0.1481165755124776,115.11982767941072,0.9324196563622822,78.00061385649896,-0.0179652445657172,1
0.4421980051946342,1.2618127598291646,0.2842352683863468,0.0015111111111111,0.2547227916873538,-0.1533120983785347,102.7305627847907,0.940883081437543,72.95481079915102,-0.0195166988453102,1
0.4911820683552649,1.3404713181444825,0.2694326133097232,0.0017555555555555,0.2552894704613458,-0.1431843978796767,110.45440494349288,0.9401435701054164,73.40952914220244,-0.0158909018395083,1
0.5857094464011515,1.4890546692754534,0.3870435720491055,0.0020666666666666,0.2546500297916945,-0.1509284049233616,107.62476381029155,0.9104699165309598,89.7748765059716,-0.0264967934443033,1
0.4717866255824669,1.332250473591549,0.3457964145405709,0.0018222222222222,0.2546394844484992,-0.1455279994096596,114.2823925291516,0.9274678940202854,80.8068342676659,-0.0282611129758006,1
0.4758428127434325,1.350084492023942,0.3457964145405709,0.0019777777777777,0.2515811278256405,-0.1474591351600759,113.53194678340968,0.9201861761578743,84.76487785708403,-0.0281306736663583,1
0.5240229539173479,1.40974567432763,0.3457964145405709,0.0020222222222222,0.2514177745794102,-0.1502869375169984,112.5642271005473,0.915175851299285,87.38423044557035,-0.0279293740641426,1
0.4717866255824669,1.3119695377867215,0.2929002312788073,0.0019111111111111,0.250668181874196,-0.1473837898174895,118.76769416462376,0.9228897973834488,83.31724919007063,-0.0295512027336572,1
0.4317446210073301,1.2632083594104226,0.2351549862381715,0.0021111111111111,0.2504209637632381,-0.1490874210612787,115.61002981614776,0.9290262730743478,79.93430719468269,-0.0309324766625889,1
0.4340856308727033,1.1588852704666228,0.2929002312788073,0.0019777777777777,0.2540156754135862,-0.1433245892423142,108.09912954650548,0.9382197826408978,74.57946089758963,-0.0309344883747433,1
0.443378571502372,1.2479781058466883,0.2090692627106809,0.0023333333333333,0.2471102348407427,-0.1507506467991031,120.90766344434672,0.921988098780914,83.80283459169367,-0.0318134391453459,1
0.420998153091672,1.2176032167004758,0.2090692627106809,0.0021555555555555,0.247567783773501,-0.1502296645256271,120.19212813259654,0.9294838569751404,79.67629403244317,-0.0323525378661026,1
0.443378571502372,1.2570546791909392,0.2090692627106809,0.0023555555555555,0.2448607112204618,-0.149899093970453,126.1608294996072,0.9190914505869788,85.34405431721981,-0.0327488941094773,1
0.4645809444985972,1.2669156540745676,0.2090692627106809,0.0021555555555555,0.2422544492740007,-0.1517212775732496,129.12213731762455,0.9213770685955,84.130295237329,-0.032825423313011,1
0.4481961966926326,1.3256161678318332,0.2331370224017834,0.0022,0.2485471661626877,-0.1511317584070791,122.2949616130774,0.9198095609614196,84.96457566182048,-0.0316427062480244,1
0.443378571502372,1.236098343894832,0.2090692627106809,0.0023333333333333,0.2428527944374623,-0.1503744410884933,124.2061092540998,0.9184295801416422,85.69232547879456,-0.0334828867011861,1
0.4656329453629833,1.2115735128906506,0.2540933576978907,0.0022444444444444,0.2467403844170602,-0.1486343526785675,121.71417348083595,0.9214064181141348,84.1145955286517,-0.0335211643931526,1
0.4358008081682956,1.1793350163516092,0.2351549862381715,0.0022666666666666,0.2442363305111253,-0.148286158267548,122.63378195340228,0.928199599264264,80.39833606019108,-0.0334405902814417,1
0.3251396350257815,1.073510220642348,0.2540933576978907,0.0022222222222222,0.2634463411034474,-0.1462033704652287,52.728873533427794,0.9256160601052068,81.83156984051,-0.0017593066931868,1
0.3893188867384121,1.035645256650244,0.2540933576978907,0.0016888888888888,0.2512440975228886,-0.1348545941745032,75.67450312855466,0.9457069956479984,69.91610538098162,-0.0058665351057695,1
0.3893188867384121,0.9515353014308624,0.2540933576978907,0.0018,0.2544801989694237,-0.1352515334232353,69.00459655236756,0.9512354298813872,66.26246131526719,-0.0071258222110568,1
0.386684793144685,0.984580951777508,0.2780975762021836,0.0017333333333333,0.2539595680143712,-0.1377310102762021,71.12648466617131,0.9468870378420328,69.15244296600497,-0.0075839862232305,1
0.3439503989661991,0.9117255412326096,0.3122475957544338,0.0016444444444444,0.2454223606537445,-0.1380153695794839,78.80470266640593,0.9519187690160452,65.7967675780552,-0.0118007072022899,1
0.3439503989661991,0.8979283719866095,0.3122475957544338,0.0016888888888888,0.2461224243590753,-0.1364589290784016,79.06215256803496,0.9530898467939772,64.99092218860068,-0.0118350441356554,1
0.3633458417389971,0.9413254340504132,0.2883074435826329,0.0017777777777777,0.2531871845806127,-0.1378320435599355,69.07803874797614,0.9476076243248944,68.68194101519798,-0.0097957507486551,1
0.5059847234318885,0.9884123014443872,0.3332039310505411,0.0017777777777777,0.2526658642424562,-0.1394866369842593,80.78675587155196,0.9486223661483084,68.01385366514266,-0.0028593395609226,1
0.3974312610603431,0.92916228990296,0.3122475957544338,0.0017111111111111,0.2484406767800326,-0.1352859012634203,79.24824971511664,0.9505969079896804,66.69467344626874,-0.0128072092104276,1
0.3439503989661991,0.9332184770639256,0.3122475957544338,0.0016666666666666,0.2466584384445375,-0.1373095105089583,75.5923555940556,0.9513972445575992,66.15248130347905,-0.0113910991962235,1
0.3974312610603431,0.9520719019660712,0.3122475957544338,0.0018,0.2458152138146346,-0.1383785815385813,78.54755809919966,0.9485059365336758,68.09084170048028,-0.0135420800529737,1
0.386684793144685,0.9230086096834764,0.3122475957544338,0.0016888888888888,0.2410307883435379,-0.1353573245052864,82.48802192744384,0.9521511821884427,65.63762568216747,-0.0149177261470873,1
0.4314515372789761,0.9939616342204676,0.3122475957544338,0.0018888888888888,0.242920524462379,-0.133619550425474,87.55088444470668,0.94988614951476,67.1725115606692,-0.0100744754029117,1
0.5689675196824275,1.4083248256265617,0.378572418822754,0.0022,0.2383014090271455,-0.1606445677867408,99.10547064234758,0.933742762102401,77.23353477189877,-0.0222558410770533,1
0.6724388884392227,1.4379301357798084,0.344486999501408,0.0022222222222222,0.2463678199361779,-0.1537605446786379,85.3907380882032,0.9206986569533824,84.49237995723318,-0.0119502166817959,1
0.6368602927784902,1.367716546462436,0.344486999501408,0.0020666666666666,0.2431089508985536,-0.1503741132294399,99.2971145580659,0.9311044086553624,78.75573267126425,-0.012704875081278,1
0.6326382782846578,1.3650824528687089,0.3418529059076809,0.0021111111111111,0.2450641223685021,-0.1479100233131838,98.1732949180336,0.9285622707011624,80.19509187505774,-0.0136818781638684,1
0.6126806629606716,1.3712096391022122,0.3418529059076809,0.0020444444444444,0.2404531513414999,-0.146959518693346,99.08870766307888,0.9359240883513724,75.95198412749731,-0.0142554662544162,1
0.6218918103689998,1.375828920784367,0.3418529059076809,0.0021111111111111,0.2454606182349232,-0.1484861792867621,89.29807798568933,0.9324682853050024,77.97255452131878,-0.0138698065441051,1
0.5876261142540286,1.328025423931474,0.3418529059076809,0.0021333333333333,0.2422566627849664,-0.1512195117402734,97.8363346598392,0.9333276682067844,77.47500568603819,-0.014783526034096,1
0.5916823014149941,1.3233840859471695,0.3418529059076809,0.0021333333333333,0.2371767125361166,-0.1505785290539408,107.4899199133834,0.9341734984225348,76.98216331757222,-0.015010413479487,1
0.5472497463570252,1.297883513243018,0.3103369799491579,0.0019555555555555,0.2459256549260328,-0.1487000684298754,85.82716043206513,0.938471084944305,74.42767820466503,-0.013434723897848,1
0.5027491909709687,1.3038719005204504,0.2801790812253812,0.0018666666666666,0.2459069753462837,-0.1455065501731499,86.29726983958666,0.9434604486410256,71.34736535228451,-0.013722179755616,1
0.5695041202176364,1.3279989299454935,0.3485431866623735,0.002,0.2390294923566827,-0.1485266809325376,92.49231689762794,0.9418215775462324,72.37362541466248,-0.0160455085321279,1
0.5459599001276872,1.2979695517810337,0.3485431866623735,0.0020666666666666,0.2390309565630073,-0.145858410906801,91.08801255192186,0.940738728691958,73.04379428021969,-0.0167257580755806,1
0.5587576523019784,1.3131962748688704,0.344486999501408,0.0021555555555555,0.2402545470877668,-0.1458009916429731,92.08802079299478,0.9403440285494152,73.2865479507756,-0.0177521195686342,1
0.5684555089753169,1.4767738930867302,0.379816690759204,0.0022,0.2398350824109653,-0.1620801133040404,97.3318474154552,0.9343680738186798,76.86834255696579,-0.0197319033385879,1
0.7259592854752684,1.539616314724808,0.4969129384017571,0.0018888888888888,0.2237494497830928,-0.1458527712901,172.2874872498708,0.9254212034437506,81.93865101453588,-0.010050932354158,1
0.6703559627598358,1.6449988109688172,0.5548921362214159,0.002,0.2315705578537924,-0.1422132125542806,165.5115448367447,0.921272882524039,84.18600309825985,-0.0122528535897029,1
0.731251707166579,1.602849613476731,0.5039767014813685,0.0020222222222222,0.2314427223556696,-0.1442972907834776,143.30722778917988,0.9125298435909944,88.73634618503034,-0.0166756569413021,1
0.731251707166579,1.7264467991353505,0.5080328886423341,0.0023555555555555,0.2351681391180118,-0.1474893807140881,132.9226924601472,0.9013739945688544,94.22389946956751,-0.0168214546287917,1
0.7152384174204223,1.4675354459330556,0.4405927140296248,0.0022,0.2251469068199809,-0.1512308212089904,159.73021731048624,0.911628607185686,89.1922003133105,-0.0198147841395174,1
0.7152384174204223,1.5531984087841335,0.4405927140296248,0.0022,0.2258208427936871,-0.1534962353330929,162.18925046115274,0.903492438319352,93.2066925380442,-0.019023466396735,1
0.6190784048678357,1.356377503016592,0.3348251091308266,0.0021111111111111,0.2259997554379554,-0.1490090582363579,168.61228842827003,0.9095108695219124,90.2543116037923,-0.0254020495937041,1
0.6702553568426892,1.524620277307302,0.3765901878618014,0.0024444444444444,0.2266289452830323,-0.1537926097700949,134.6766550409197,0.8925626993021977,98.34196549936355,-0.0230737891983462,1
0.6450551263472281,1.4520573913651524,0.3562262618693697,0.0024,0.2269273078205851,-0.1526631608450649,137.2883369173798,0.8962808882036913,96.6256312010738,-0.0245198119982788,1
0.6334360603513822,1.4351223650519551,0.3348251091308266,0.0023333333333333,0.2240807755411936,-0.1567249182878205,154.05449345818772,0.9036714681392928,93.12021907532676,-0.0252636298282963,1
0.6150184644503536,1.3583921721140164,0.3455715770464846,0.0024888888888888,0.225725027013244,-0.1564630613338263,139.45800289350677,0.9072420827362068,91.3784823067034,-0.0265000057209372,1
0.5535140549426225,1.353574546923756,0.2990539114982909,0.0023555555555555,0.2235930676647379,-0.1593044607453343,148.31670087582722,0.9009450634256068,94.4285241441253,-0.027552384551645,1
0.6368602927784902,1.488719601290185,0.3332039310505411,0.0026222222222222,0.2263017615805496,-0.1624087470435797,127.69076916347976,0.8890829857512835,99.9215163970209,-0.0258300378938165,1
0.5027491909709687,1.3775062705806558,0.2653764261487576,0.0023111111111111,0.2261230141483269,-0.1640770716893368,148.9444749090571,0.8987769590863025,95.45612201469002,-0.0279982221344916,1
0.9519696487563312,2.0084477279584,0.6263968870998691,0.0021333333333333,0.2354421293035331,-0.1716044868360917,170.04812169099958,0.8680366022166737,108.98826483337204,0.0062098950706337,1
0.9279557399995768,1.8612406399163028,0.6359313549890384,0.0021555555555555,0.2316118451767099,-0.1649975525146268,212.2040453955516,0.9024607667538056,93.70344662652974,0.000568388377526,1
0.9962671839239016,2.0825127378996,0.6297776747695548,0.0023555555555555,0.2318078994276161,-0.1636235641525495,186.81787908699783,0.8871931163210844,100.76901262563288,0.0016116484010348,1
0.8902719966362262,1.9055533089465495,0.5966915798735387,0.0020666666666666,0.2238368020093434,-0.1546044420734384,220.34620840031465,0.9040175996245522,92.95280558439636,-0.0009179377427277,1
0.839670959951939,1.807425108405819,0.5698335902541103,0.0019333333333333,0.2244450672468699,-0.1481298800098969,200.31928852222728,0.9138665137622912,88.05589979577309,-0.0055029870457327,1
0.8572263462895806,1.8764558831838167,0.5698335902541103,0.0018222222222222,0.223889324877341,-0.1490568245305753,198.61868776015052,0.9050666288805842,92.44356944204094,-0.0083891791151719,1
0.83114062276209,1.7794293036605662,0.5575262298151429,0.0019111111111111,0.2257661940802726,-0.1480971827307741,182.8137873785209,0.9058537012815784,92.0596469179683,-0.01079471669797,1
0.7865463046251341,1.7950860136988265,0.5502993485252414,0.0020222222222222,0.2274224914950599,-0.1443632260281564,181.46279105745216,0.9103777372782526,89.82106873553174,-0.0123151977624287,1
0.6292427466616355,1.491662475358099,0.5039767014813685,0.0021111111111111,0.223585688455618,-0.1387980137156169,175.32712059605785,0.9284822122748791,80.24000143913982,-0.0167234456885166,1
0.7906024917860995,1.798288145898155,0.5482018554667233,0.0019111111111111,0.2279732623245302,-0.1486660497335271,172.62025999846784,0.9016815573762962,94.07690030640498,-0.0120771604988598,1
0.713790723992372,1.659904970965505,0.4854050324568039,0.0019777777777777,0.2365422343702495,-0.1495220325422687,155.52414551753125,0.911447255243608,89.28364861974813,-0.0138813089701162,1
0.7412381024098973,1.6686582723960943,0.4743468015000232,0.0020222222222222,0.2268406758907541,-0.1446264382949829,163.0353570603372,0.9029644278035855,93.46126157700247,-0.0174823143865515,1
0.6911292328919895,1.666456452764127,0.5253308383566139,0.0021111111111111,0.2257979505636382,-0.143349024362505,170.82480006578527,0.9178028179737082,86.0208229434037,-0.0147906714062348,1
0.817104823050205,1.8540083087866592,0.5681594707907094,0.0018888888888888,0.2261597643402007,-0.1496337644865543,179.70116348986735,0.8987179913425389,95.4839159876614,-0.0107613727308871,1
0.6528315031241803,1.5738144125742293,0.3570794829914379,0.0024444444444444,0.2413395727101558,-0.1523043830083346,122.74892323978317,0.9005096970118093,94.63576641573036,-0.0229147856153196,1
0.5871315399683901,1.5476772670862864,0.333203931050541,0.0018888888888888,0.2457760116901556,-0.1448744842622349,112.06490638693673,0.9134536815890804,88.26661630877219,-0.0131729403537753,1
0.4589426646082907,1.214395314522766,0.2540933576978907,0.0020222222222222,0.2481647993927524,-0.1456514380302388,90.74894057694114,0.9221682432827916,83.70604779867564,-0.0036229074139146,1
0.4689276944946536,1.1806469702545928,0.2459014541538295,0.0021555555555555,0.2406395323579707,-0.1397668611639824,109.92098178365676,0.9346919894457538,76.678486738613,0.0062058695564776,1
0.4079999073452127,1.0825506902902886,0.2284647054834789,0.0018666666666666,0.2456748143137647,-0.1440566050761468,85.98798599010763,0.9334940170743268,77.37832672699709,0.0032409408868608,1
0.4079999073452127,1.0495733530292837,0.2284647054834789,0.0016,0.2428765621158773,-0.1417941339409986,97.50680459149493,0.9409438680013836,72.91730765810792,0.0061485933725352,1
0.4079999073452127,1.060318392930739,0.2284647054834789,0.0018666666666666,0.2441013959702457,-0.1416029885631751,90.5723427151798,0.9328934048836296,77.72682514474911,0.0072097679871881,1
0.3251396350257814,0.908324592274144,0.2284647054834789,0.0017555555555555,0.2430090367145665,-0.1365239398863616,90.36263219979855,0.9478122577302284,68.54773831441797,0.0068525114272585,1
0.3552334674170661,0.907669354071644,0.2284647054834789,0.0018222222222222,0.2448407607874775,-0.1402310086007734,90.80856381470711,0.9367660087070094,75.45152580188359,0.0069295329922864,1
0.339942290102405,0.918415821987302,0.2459014541538295,0.0021111111111111,0.2456300344390516,-0.1372496552287982,89.2256656990511,0.946114464972572,69.65335861793318,0.0052476192895489,1
0.339942290102405,1.038826885113625,0.2459014541538295,0.0020888888888888,0.2466909261667169,-0.1402758666281913,92.84611942367567,0.9399557607423916,73.52456349465912,0.0060162748478399,1
0.339942290102405,0.9669193656130712,0.2459014541538295,0.0021333333333333,0.245749992334206,-0.1419800725486301,90.7028322474601,0.9414082652261752,72.63015174236737,0.0050465345422515,1
0.249957641314795,0.9528781485657428,0.2284647054834789,0.0018666666666666,0.243708177874668,-0.1363451987553229,91.4173694748861,0.9437809680491112,71.14492557291608,-0.0034436158838913,1
0.339942290102405,1.016111014921375,0.2459014541538295,0.0022444444444444,0.2470044415640634,-0.1391702209117261,83.25540701556203,0.9416772870009484,72.46328396469814,0.0040321650390637,1
0.2801790812253812,0.4868990541528588,0.2008143345862542,0.0012222222222222,0.2502419051187412,-0.1181336007054992,48.146354479176125,0.982540038509076,39.665621326906,-0.0055619932977521,2
0.3057282042176628,0.4703812217806429,0.2048705217472197,0.0011555555555555,0.2410862251904059,-0.1175263279949468,45.85665002636684,0.9837423183666936,38.27739238354336,-0.0108742184814699,2
0.3057282042176628,0.4744374089416084,0.2048705217472197,0.0011111111111111,0.2421447246680603,-0.1148150473528026,46.32730759381069,0.9840805961015172,37.8776252369361,-0.0073788415439867,2
0.3057282042176628,0.4851838768572665,0.2048705217472197,0.0011111111111111,0.2404379394788931,-0.116504590316735,46.00114594168823,0.9838407350507552,38.16151887755989,-0.0094297377563449,2
0.2156169896628777,0.4744374089416084,0.1704673537887455,0.0010444444444444,0.243289692113969,-0.114265453808734,45.30246907982158,0.9844395738117676,37.448728071276086,-0.0095672705643699,2
0.3057282042176628,0.4744374089416084,0.2048705217472197,0.0011333333333333,0.2408078501837153,-0.1158607954064609,46.00242867600885,0.9838790307586192,38.11633490016978,-0.0087579209203675,2
0.2949817363020048,0.4744374089416084,0.2048705217472197,0.0010666666666666,0.2449350106415694,-0.1135889800483481,45.7693515780885,0.9844032725268732,37.49232281620064,-0.0081280533339596,2
0.2008143345862542,0.4189241968916592,0.155664698712122,0.001,0.231894917797072,-0.1106601242311311,43.34480732657129,0.9859114262102042,35.63626607271549,-0.0130343572752224,2
0.2156169896628777,0.4744374089416083,0.1704673537887455,0.0010888888888888,0.2406850832182286,-0.1156240600958926,45.082543279711,0.9847147305362414,37.11662239756464,-0.0089044733339388,2
0.2156169896628777,0.4851838768572664,0.1704673537887455,0.001,0.2336211014962887,-0.1146642523703443,45.19909826078986,0.9851378810249386,36.60001266553333,-0.0082661151307276,2
0.2156169896628777,0.4851838768572665,0.2048705217472197,0.0010444444444444,0.2350844089942142,-0.1138690904465062,45.43987540324338,0.9851778984412888,36.55077952236859,-0.005168427335673,2
0.2156169896628778,0.4744374089416084,0.1704673537887455,0.001,0.2325962222423417,-0.1149178145771251,44.239959314907296,0.9855075917634418,36.14260219770012,-0.0097439351434287,2
0.2156169896628778,0.4851838768572664,0.1704673537887455,0.0010666666666666,0.2313974443687945,-0.1106840870624785,44.81259526646566,0.9857048045934046,35.89622526469289,-0.0061908324284328,2
0.2909255491410393,0.6206023662021998,0.1812138217044036,0.0016,0.2436730429531895,-0.1248233719999389,54.65292960245148,0.979249256488576,43.23800877086172,0.0329377137051893,2
0.2263634575785358,0.5489705950945207,0.1704673537887455,0.0011777777777777,0.2486644447335859,-0.1259458881109847,49.672994184005695,0.9805395434188372,41.87364523441872,0.0591256165639435,2
0.2263634575785358,0.5674528359590033,0.1704673537887455,0.0013111111111111,0.2499098824037595,-0.1301457933367703,50.64902885798413,0.9792789594020502,43.20708511511124,0.0597345677175413,2
0.2156169896628777,0.5679894364942123,0.1360021696648796,0.0013333333333333,0.2502646470896175,-0.1284743542978097,50.10116355957327,0.97989812113799,42.55736004259716,0.0586978719269801,2
0.2263634575785358,0.5530267822554863,0.1812138217044036,0.0014222222222222,0.2489765750257064,-0.124276904957672,50.83960310710731,0.9806656824795372,41.73787135140436,0.0529201224266687,2
0.2263634575785358,0.5827920915708359,0.1704673537887455,0.0014888888888888,0.2507323083040061,-0.1276409904046752,50.78279307139223,0.9800048561900112,42.4443510838751,0.0592414898431592,2
0.2801790812253812,0.604285027402152,0.1704673537887455,0.0016444444444444,0.2452503693418516,-0.1253439967343013,54.10493533276402,0.9796608015212196,42.807559683330695,0.0337226028784448,2
0.3057282042176628,0.5637732501711442,0.2156169896628777,0.0014888888888888,0.2470537740451924,-0.1218597094157964,52.2327896065526,0.9812397501351968,41.11429141451679,0.0295195820056641,2
0.2607041092304532,0.5637732501711443,0.1812138217044036,0.0014444444444444,0.2473800464430412,-0.1250566430687466,51.68799848774135,0.980613227254869,41.79438646382266,0.0420989564988453,2
0.2156169896628777,0.5489705950945206,0.2048705217472197,0.0012888888888888,0.24257870722876,-0.1204162765748992,50.54251886544533,0.9818694049461892,40.41926871016996,0.0439289357623418,2
0.2263634575785358,0.5382241271788627,0.1812138217044036,0.0011777777777777,0.2446243763880594,-0.1243849503874754,49.939471263296,0.9810416194929072,41.33057376426841,0.0534632863943887,2
0.2607041092304531,0.5505526878238617,0.1704673537887455,0.0012666666666666,0.2538910009256754,-0.1237801396110121,52.05867564829068,0.9789314944130194,43.5674572943352,0.0564855515263795,2
0.2607041092304532,0.5298849258154911,0.1812138217044036,0.0011555555555555,0.2448377321664247,-0.1243553652349297,50.10915751366764,0.9809057820218016,41.47820416079345,0.0524647719252297,2
0.2607041092304532,0.5489705950945207,0.1812138217044036,0.0013111111111111,0.2507454028707369,-0.1265664797753788,51.07282550307868,0.9798056655439964,42.65500793698426,0.052470402771832,2
0.3251396350257814,0.5298849258154911,0.2048705217472197,0.0018,0.2345159873940853,-0.118030053044882,57.31601418690286,0.9833742545561136,38.70767153783289,-0.0218022916473199,2
0.329195822186747,0.5597170630101788,0.2351549862381715,0.0019555555555555,0.2275186936394,-0.1147364139895668,61.41328986555251,0.9827244379617722,39.45587443525972,-0.0207061443193848,2
0.3251396350257814,0.5298849258154911,0.2284647054834789,0.0019777777777777,0.221409983759645,-0.1131721788358793,60.48931637795226,0.9835483235078256,38.50477809741617,-0.0208666413756365,2
0.329195822186747,0.5043358028232094,0.2351549862381715,0.0019555555555555,0.2210667946320452,-0.1125866141067509,59.71095436273715,0.983544571095728,38.509163704345966,-0.0211373593185067,2
0.3143931671101234,0.5043358028232094,0.2351549862381715,0.0019777777777777,0.2184377388687112,-0.1111241075144927,60.539502445859846,0.9838522374324192,38.14795293023811,-0.0212707491065556,2
0.3184493542710889,0.5150822707388675,0.1704673537887455,0.0020444444444444,0.2175924156659809,-0.1115145745310636,58.5360500760935,0.9841450901040386,37.800928298769264,-0.021671233756851,2
0.3077028863554308,0.5150822707388675,0.1704673537887455,0.002,0.2179425995068065,-0.1110193212273103,57.74480003860892,0.9842691884702288,37.65290907263113,-0.022069004743968,2
0.2949817363020048,0.5868482787318013,0.2351549862381715,0.0019333333333333,0.2295945676864336,-0.1140728318782174,58.9542649491934,0.9826885043078982,39.49683508687704,-0.0208024378577505,2
0.2801790812253812,0.5298849258154911,0.1833775859159035,0.0020444444444444,0.2148383941347335,-0.1104291836140328,59.79964203078153,0.9848466544309544,36.95633623818466,-0.0217848572335426,2
0.333203931050541,0.508391989984175,0.1704673537887455,0.0021333333333333,0.210406306151992,-0.1096645117187172,62.62151855356321,0.9849472108664088,36.83369266451415,-0.0212280767646505,2
0.3251396350257814,0.5406313937311491,0.2048705217472197,0.0021333333333333,0.2219542060818972,-0.1098722545258348,62.407811570304666,0.9851582355918695,36.574979136418015,-0.0213691497865541,2
0.329195822186747,0.5298849258154911,0.2351549862381715,0.002,0.2245775780275422,-0.1124359257247084,62.07237868519847,0.9834627646260312,38.6046384183306,-0.020908189941303,2
0.3077028863554308,0.4935893349075514,0.1704673537887455,0.0020666666666666,0.2166788575520212,-0.1103741157186543,60.466469392195954,0.984247245847617,37.679123590883634,-0.0213008732702701,2
0.3184493542710889,0.5150822707388675,0.1704673537887455,0.0018888888888888,0.2229518851133491,-0.111712670729,57.97539310480962,0.98378944293077,38.22195329006519,-0.0215975833239789,2
0.5043358028232094,0.7603838932460658,0.3485431866623735,0.0009333333333333,0.2030218577107878,-0.10439071842893,86.00394207211241,0.98453743095258,37.33095574833127,-0.0052000774608773,2
0.4828428669918934,0.7751865483226895,0.3972534394295546,0.0008888888888888,0.2036410135905908,-0.1084642543289812,94.12841511610914,0.9831538454491812,38.96306133047615,-0.0057797640411672,2
0.4828428669918933,0.7416382779485684,0.344486999501408,0.0009111111111111,0.204461505806178,-0.1074420754505036,88.67363196162661,0.9837811795231396,38.2316783587214,-0.0043756037996453,2
0.4828428669918933,0.7416382779485684,0.344486999501408,0.0009111111111111,0.2035709962611278,-0.1069283579603147,86.6575290607146,0.9844443501188336,37.442986984039685,-0.0046199201670518,2
0.4488882859493268,0.6420953020335157,0.3377967187467154,0.0010888888888888,0.1985574672067007,-0.1013117497763333,76.55324076498343,0.9865489488260274,34.82194143042801,-0.0015449526999508,2
0.4935893349075514,0.7160891549562868,0.344486999501408,0.0009111111111111,0.1928596057351523,-0.1000405532876416,79.64875695320221,0.9866023381935468,34.75287871127205,-0.0034187256766187,2
0.4041215418150356,0.6717252020148612,0.2801790812253812,0.0009333333333333,0.1936229459017803,-0.0958201061306238,73.12122181748181,0.9881203064779274,32.7284046249358,0.0072865885280806,2
0.4488882859493268,0.7201453421172522,0.3143931671101234,0.0008444444444444,0.194255111437457,-0.0980168085185069,74.37479625680365,0.9875950120343774,33.4428467808697,0.0045654005268435,2
0.4488882859493268,0.7375820907876028,0.344486999501408,0.0008,0.1987545686096256,-0.1016684738983773,79.58768709978375,0.9864725754026356,34.92049587984874,0.0017533883156151,2
0.4488882859493268,0.7375820907876028,0.344486999501408,0.0007777777777777,0.1970586707848101,-0.1012926377538251,79.97725703956039,0.9863606406358578,35.064440613020835,0.0020356715901028,2
0.4529444731102923,0.7201453421172522,0.344486999501408,0.0008888888888888,0.1944106430502625,-0.1011260268776382,76.17075785505979,0.9870688283643312,34.14351079321467,0.0013392648677761,2
0.4381418180336687,0.7201453421172522,0.3377967187467154,0.0010222222222222,0.2017801617232575,-0.1039458749524067,77.80571426520835,0.9859335228872328,35.608351611811955,-0.0005931109103939,2
0.4935893349075514,0.6528417699491739,0.3418529059076809,0.0010222222222222,0.18614282652151,-0.0999967039159138,76.01837763187511,0.9875225198980744,33.540244936083845,-0.0024859718136309,2
0.4828428669918934,0.7053426870406286,0.3296843444247844,0.0008888888888888,0.1918649085784985,-0.1007510036355816,78.93061794994388,0.9866663436957304,34.6699055147898,-0.0021056435882825,2
0.5234214721022391,0.6824716699305193,0.3992121335320019,0.0015777777777777,0.2054295253245645,-0.1078594382327615,81.9332810808615,0.9808395633696332,41.54998003060988,-0.0296378152710177,2
0.5059847234318885,0.6717252020148613,0.4158687648602887,0.0014444444444444,0.2079757361709811,-0.1117224710195941,81.45058592469672,0.9791956459502136,43.293766008093165,-0.032122236945235,2
0.5167311913475465,0.6420953020335157,0.3718821380680615,0.0014222222222222,0.1978573765651029,-0.10595419211301,79.6091360865994,0.982988558122032,39.15348734136344,-0.0254563227950847,2
0.5234214721022391,0.6190876824787755,0.3992121335320019,0.0013111111111111,0.2047337014400418,-0.1061083288111718,77.57662912813987,0.9827141932009976,39.467555698048095,-0.0249621644369225,2
0.4787866798309279,0.6190876824787755,0.3570794829914379,0.0012,0.2023102622601445,-0.0989268392652435,74.41702060897371,0.9852477970713291,36.46462125922841,-0.0194133821406783,2
0.5059847234318885,0.6083412145631175,0.3795918532651177,0.0012666666666666,0.2066502914997565,-0.1037321537619499,73.19554380335065,0.9832893373664148,38.806264874996096,-0.0226106028576151,2
0.5274776592632047,0.6190876824787755,0.4245177397174286,0.0014444444444444,0.2177308282708803,-0.1131856790418002,75.78540966069431,0.9791945117292352,43.29494518580597,-0.0292615601442069,2
0.5315338464241701,0.6824716699305193,0.401846227125729,0.0013555555555555,0.2215095597907637,-0.1119658307125414,72.53712325975351,0.9798549296119666,42.603004335848745,-0.0189707802530123,2
0.5126750041865811,0.6635882378648319,0.3762971041334474,0.0014,0.2224389407333744,-0.1086424311395187,70.29361950846088,0.980855448708302,41.53277351882237,-0.0212377328736381,2
0.4804356004396069,0.6083412145631174,0.3688453853494596,0.0014,0.2188189420187046,-0.1051018980907856,68.55304505422012,0.9829785355573146,39.16500576179181,-0.0153867432724933,2
0.4761525862372008,0.6190876824787755,0.3762971041334474,0.0014,0.2171257932725637,-0.1036064095736589,67.18288951168701,0.9837729736683682,38.241336911753855,-0.0109204005447606,2
0.4906454678200561,0.604285027402152,0.3795918532651177,0.0013333333333333,0.2135717070689105,-0.1049709343598901,69.59419081512098,0.9833011740011252,38.79253696599678,-0.0160316195940181,2
0.4804356004396068,0.6528417699491739,0.3762971041334474,0.0014222222222222,0.2216317000492929,-0.107275190322377,68.5118310437558,0.9818824321018296,40.40476115076239,-0.0182511141145432,2
0.4696891325239488,0.6190876824787755,0.3562262618693697,0.0013555555555555,0.2195958026101472,-0.1043465826137791,67.3773097118174,0.9829865264964374,39.15582212984395,-0.0165601256956634,2
0.497645522068517,0.8301579163042645,0.378572418822754,0.0019777777777777,0.2003655125725126,-0.1128874892916918,90.869298965617,0.9810995047709156,41.26750193550957,-0.0176988234072188,2
0.4596347538649848,0.815355261227641,0.3718821380680615,0.0019111111111111,0.1988291212860311,-0.1119339547104969,89.21730020749867,0.9817461667472996,40.55623698157133,-0.0165957385391504,2
0.4868990541528589,0.7375820907876028,0.4059024142866945,0.0018,0.1830239059471662,-0.1045491443004466,87.37071327535878,0.9850456695299852,36.71320967755439,-0.0148327116093076,2
0.4935893349075514,0.6972743250071428,0.344486999501408,0.0017777777777777,0.1824909856226809,-0.0988128973742376,83.98739830167624,0.9863647588276738,35.059153481685776,-0.0163791477140391,2
0.4828428669918934,0.708020792922801,0.344486999501408,0.0018444444444444,0.1864965974055631,-0.099257845048574,83.54373116047529,0.9863874391466012,35.03003208203688,-0.017160754568672,2
0.4761525862372007,0.6824716699305192,0.3103369799491579,0.0018222222222222,0.1813529669536436,-0.0959555517107938,83.32580990273911,0.9876123849336412,33.41946221972963,-0.013164533467175,2
0.4596347538649848,0.6528417699491739,0.3143931671101234,0.0019333333333333,0.1803218780110266,-0.0918865991158341,81.49245922704422,0.9884371666582188,32.28980987905256,-0.0117524465838105,2
0.4828428669918934,0.708020792922801,0.3485431866623735,0.0019555555555555,0.1864562225490298,-0.1009921398224297,82.97629777541108,0.9861227785896948,35.36837631697313,-0.0177002044303503,2
0.4381418180336688,0.6420953020335158,0.3184493542710889,0.0019777777777777,0.1752564876731966,-0.0911478151017757,80.67794799485742,0.98875566716695,31.84285581187391,-0.0117746470145833,2
0.4448320987883613,0.6972743250071428,0.3077028863554308,0.0020444444444444,0.1910359268736464,-0.105144590876369,82.60853105226286,0.9852756054340304,36.430290008193055,-0.0181187046636121,2
0.4000653546540701,0.6272926469568922,0.2801790812253812,0.0021111111111111,0.1889357914589705,-0.1010345322122147,80.86783862305786,0.9867885567567596,34.510917994372825,-0.0164675170281453,2
0.4488882859493268,0.6932181378461774,0.3077028863554308,0.0019555555555555,0.1871466254751568,-0.1035569247458996,81.3238006753417,0.985953363821852,35.583266470127164,-0.0192475215933093,2
0.4761525862372007,0.6528417699491739,0.3103369799491579,0.0019777777777777,0.1834452045720573,-0.0934671915169413,78.61923328345729,0.9882886578312464,32.49611052362871,-0.0159923317410452,2
0.3893188867384121,0.6190876824787755,0.2540933576978907,0.0014888888888888,0.1984120890572047,-0.0965929147104493,65.05533769216181,0.9879376582139788,32.97857775132957,-0.0002871034475073,2
0.3887822862032031,0.5745197180868022,0.2048705217472197,0.0014444444444444,0.2143549716344124,-0.1042059203815003,65.80155645502428,0.9857908093421012,35.7882479401934,-0.0054721418222052,2
0.352599373823339,0.519138457899833,0.2008143345862542,0.0014666666666666,0.2110992608063227,-0.1025944103675444,62.46796958298909,0.9868999991319634,34.36529961915178,0.0020166040265678,2
0.3592896545780316,0.5406313937311491,0.2284647054834789,0.0014222222222222,0.2000516555107279,-0.0937915921654028,58.5772768577956,0.9888529885081054,31.70502451326641,0.0159498433039487,2
0.3552334674170661,0.4851838768572664,0.2284647054834789,0.0014,0.1997754377335929,-0.0940758510423948,54.3245458416377,0.9893099623700324,31.049665258755425,0.0196774169046742,2
0.3077028863554308,0.5406313937311491,0.1704673537887455,0.0014444444444444,0.2055343396585313,-0.0989994215894247,56.388212932215865,0.9881624713716513,32.67038164565784,0.0078209111627808,2
0.3184493542710889,0.5298849258154911,0.1704673537887455,0.0014,0.2043660894715812,-0.0979967989063718,55.49938473161452,0.988391373217182,32.35356428785542,0.0085549124855691,2
0.3077028863554308,0.5406313937311491,0.1704673537887455,0.0014444444444444,0.2071083081379792,-0.0990166886547093,55.788834886875954,0.9880497632231128,32.82525404397771,0.00771853934954,2
0.2909255491410393,0.5406313937311491,0.1704673537887455,0.0014222222222222,0.2067339085258348,-0.1005181126714047,53.95773642831525,0.9881441206559992,32.69564714092913,0.0056966195368093,2
0.2801790812253812,0.5406313937311491,0.1704673537887455,0.0013777777777777,0.2099982138586356,-0.1006810680662558,54.83897217584011,0.9877898303064366,33.17967395297838,0.0051012223988711,2
0.3184493542710889,0.4959303447729245,0.1704673537887455,0.0014,0.205158183798648,-0.0981711073854667,53.64403617448966,0.9883870321358724,32.35960026788005,0.0084544562512252,2
0.2801790812253812,0.540631393731149,0.1704673537887455,0.0013777777777777,0.2120492024436024,-0.1009189714946543,53.54779290939046,0.9877690766016144,33.207809470888186,0.0055123832449526,2
0.2801790812253812,0.5298849258154911,0.1704673537887455,0.0013555555555555,0.214465371485763,-0.1016519622190459,55.09563472146531,0.9873351285130786,33.79072415326444,0.0014201243192212,2
0.3592896545780316,0.5852661860024603,0.2540933576978907,0.0014888888888888,0.1922490525559961,-0.0900703575664188,61.17076611158249,0.988952245756852,31.563835119389196,0.0080183783822054,2
0.3893188867384121,0.6083412145631174,0.2540933576978907,0.0015111111111111,0.1973995677862107,-0.0941166455601354,64.56023519330549,0.988255479425447,32.54202198202655,5.398638752061036e-05,2
0.3893188867384121,0.6083412145631174,0.2540933576978907,0.0014666666666666,0.1945634762458571,-0.0929255493065863,63.92431079507303,0.9885746916011972,32.097584017942864,0.00218489204222,2
0.4000653546540701,0.6083412145631174,0.2734888004706886,0.0014888888888888,0.1907394672958197,-0.0916169082184228,65.91193166507468,0.9886737098102204,31.958463857966635,0.0024530149998512,2
0.3592896545780316,0.5745197180868024,0.2540933576978907,0.0015111111111111,0.1926489677012801,-0.0920711863458471,62.26595955096375,0.9889886427243534,31.51190347977182,0.0067921562020793,2
0.3251396350257814,0.5298849258154911,0.2008143345862542,0.0014666666666666,0.2048602270278026,-0.0969832691062208,60.758303635721134,0.9878269395672188,33.12930768010492,0.0032539105262435,2
0.386684793144685,0.5298849258154911,0.2284647054834789,0.0014888888888888,0.2035999500770637,-0.0986293629100448,61.988608776365446,0.9877587868235888,33.22174941628226,0.0026563142965784,2
0.3592896545780316,0.5745197180868024,0.2540933576978907,0.0014666666666666,0.1877990834292901,-0.0882632685294377,59.25290434912346,0.9898452449150872,30.26396467626439,0.016169215855101,2
0.3592896545780316,0.540631393731149,0.2540933576978907,0.0015111111111111,0.1954813664217194,-0.0946273491802545,60.33624300073985,0.9889164050941802,31.614888733947463,0.0091383437954099,2
0.3633458417389971,0.5745197180868024,0.2883074435826329,0.0010444444444444,0.2026519368046177,-0.093593835692164,43.244377697372045,0.990314633584485,29.55779774743965,0.0570923066059388,2
0.3552334674170661,0.5298849258154911,0.2284647054834789,0.0014666666666666,0.196275808101736,-0.0946678566977578,57.941466069518526,0.9890042182948888,31.48965226232713,0.016135367939809,2
0.3592896545780316,0.5406313937311491,0.2284647054834789,0.0014888888888888,0.1973579877907731,-0.095714896023842,59.74399925235997,0.9886861511254118,31.940939936602724,0.0136091544140592,2
0.2929002312788073,0.5745197180868024,0.2929002312788073,0.0011777777777777,0.1844386413370451,-0.0847634398674768,50.18284008368244,0.9915367075954508,27.634748820513657,0.0597853511963285,2
0.3439503989661991,0.5852661860024604,0.1704673537887455,0.0014444444444444,0.215809228393148,-0.10235115003345,61.02661116817016,0.9862596381923744,35.1938187972414,-0.004947202320742,2
0.386684793144685,0.5745197180868024,0.2284647054834789,0.0015555555555555,0.2031359995019726,-0.0961509515399892,62.25010337615894,0.9879560623765616,32.95345639919879,-0.0021036854204153,2
0.4041215418150357,0.6528417699491739,0.2653764261487576,0.0010666666666666,0.22859363242462,-0.1162112501228447,76.60866170963916,0.9809044131100816,41.47968922681186,0.0047146555852242,2
0.4000653546540701,0.6865278570914849,0.2801790812253812,0.0009555555555555,0.2322365726129803,-0.119557823646264,79.73383030888695,0.978950692842318,43.547623251627854,-0.0028409371327489,2
0.4000653546540701,0.7080207929228008,0.2801790812253812,0.0009777777777777,0.2323704388660116,-0.1199819321604767,78.80210098731189,0.9790572928146593,43.4373312911514,-0.0011768634668837,2
0.4041215418150357,0.663588237864832,0.2653764261487576,0.0009333333333333,0.2271749272537331,-0.1184930594508191,74.49849282818207,0.9802428439360305,42.19128409351616,0.0061283260806194,2
0.4041215418150356,0.7187672608384589,0.2627423325550306,0.0009555555555555,0.2306105466109325,-0.12178359955708,80.35658006742507,0.9785629445950508,43.94646803367296,0.0010028984411953,2
0.4314515372789761,0.6635882378648319,0.2627423325550306,0.0009555555555555,0.2270710815099307,-0.1192169635371757,76.03523283811418,0.9797733815481712,42.6890523360111,0.0080339503175527,2
0.4148680097306937,0.708020792922801,0.2842352683863468,0.0009555555555555,0.2318862756788876,-0.122054040872402,84.06892796169649,0.9777273519016318,44.79390308191363,0.0009679160091259,2
0.4314515372789761,0.6528417699491739,0.2627423325550306,0.0009555555555555,0.2261432497005472,-0.1201341455384402,76.75609924473206,0.9797517136072424,42.7118864364503,0.0088523691423057,2
0.3700361224936896,0.6190876824787755,0.2627423325550306,0.001,0.2288724772509385,-0.1170911476500728,71.16801010907415,0.9811582206673892,41.20342670183616,0.0081171276638497,2
0.3700361224936896,0.67433470578049,0.2627423325550306,0.0009777777777777,0.2322325143415651,-0.114241185695612,71.83921538938307,0.9803309545490966,42.09720550425758,0.0025221834432631,2
0.3700361224936896,0.6298341503944336,0.2627423325550306,0.0009777777777777,0.2276804397028921,-0.1155541730512991,71.08889277241664,0.9814062615284652,40.93164109884346,0.0084968366325394,2
0.3592896545780316,0.5852661860024603,0.2627423325550306,0.001,0.2286375313588719,-0.1130664516681526,65.22900057408911,0.983058494877755,39.073027410063126,0.0109865032897451,2
0.3592896545780316,0.5852661860024604,0.2627423325550306,0.0009777777777777,0.2263178583553554,-0.1130585837093229,65.36482323188454,0.9829813286608468,39.16179633841647,0.01430763644501,2
0.386684793144685,0.5745197180868024,0.2284647054834789,0.001,0.2230955668064633,-0.1114013804724142,63.82645286486014,0.983682022875322,38.34821021646096,0.0173790027697608,2
0.3700361224936896,0.6298341503944336,0.2627423325550306,0.0009555555555555,0.2237867163096954,-0.1164801480363445,69.48208696615342,0.9822089951425124,40.03941515883678,0.0094780129019272,2
0.2156169896628778,0.4529444731102923,0.1704673537887455,0.0010888888888888,0.2225778214430753,-0.1056986289342558,46.91741158896704,0.9870782553365866,34.131087744753714,-0.0243708434222522,2
0.3974312610603431,0.5637732501711442,0.2351549862381715,0.0013111111111111,0.20845666255222,-0.1013202539417838,54.320664506280814,0.9869022943594902,34.362294169376256,0.0024788796782851,2
0.4120560945061782,0.5935385594864939,0.2351549862381715,0.0013777777777777,0.2081927578068917,-0.1016974662114707,55.60533197643527,0.9868542182913704,34.42519350159309,-0.0149318410193727,2
0.4488882859493268,0.7007498993444542,0.3672893503718871,0.0012222222222222,0.2220108031208923,-0.1046209359532853,58.97404528226339,0.9842329312161198,37.69621517612862,-0.0058071883267283,2
0.4421980051946342,0.6900034314287963,0.3570794829914379,0.0012666666666666,0.2205677423456698,-0.107020203925702,58.70665974520318,0.984316361574232,37.59649036461099,-0.0053394929982312,2
0.4228025624218362,0.7201453421172523,0.3570794829914379,0.0012222222222222,0.2134987789513371,-0.1058961553062262,58.87025897960999,0.9846627328247294,37.179609267844434,-0.0058821287762713,2
0.4421980051946342,0.6824716699305192,0.322457463134883,0.0012444444444444,0.2084448673926043,-0.1037566660664631,58.69399350466542,0.985682047956166,35.924741263710814,-0.0040060569370868,2
0.4596347538649848,0.6865278570914848,0.3672893503718871,0.0011777777777777,0.2089656216515576,-0.1074185019264895,58.85567004103667,0.985084523733888,36.66555579806475,-0.0042018121640711,2
0.4314515372789761,0.6972743250071428,0.3570794829914379,0.0012666666666666,0.212033108194399,-0.1039757184687837,58.51325792423062,0.9852711237199054,36.43582501862201,-0.0037347312025684,2
0.4314515372789761,0.6824716699305193,0.322457463134883,0.0012,0.209574248748312,-0.1035252172186257,58.07306934096422,0.9854078096626416,36.26662146887602,-0.0035694983304335,2
0.4421980051946342,0.6865278570914848,0.3570794829914379,0.0011555555555555,0.2160093500803445,-0.1060896764468368,60.20562974704797,0.984289652216824,37.62844404400619,-0.005689067517209,2
0.4233391629570452,0.6313488341178578,0.2883074435826328,0.0012666666666666,0.2017162813718929,-0.1018699804414127,57.35714606841197,0.9865051320146156,34.8785195392221,-0.0013840183036907,2
0.4488882859493268,0.6420953020335157,0.3103369799491579,0.0011555555555555,0.2035807990148156,-0.103459431530316,59.37525787301373,0.9858188106385216,35.75302320467661,-0.0043490491324884,2
0.4381418180336687,0.6528417699491739,0.3377967187467154,0.0011111111111111,0.1970918718467461,-0.0997730925367078,58.37242453181669,0.9868914830329264,34.37644950656398,0.0046423856721778,2
0.3332039310505411,1.0465903669387355,0.1704673537887455,0.0018888888888888,0.1985552994340871,-0.1177770183194319,172.366705847881,0.932215191160961,78.11848064763417,0.0574859936269276,3
0.5134956588866267,1.1447306717468966,0.2801790812253812,0.0017111111111111,0.2054293296937179,-0.11793629199923,148.89330160377315,0.9287870433968364,80.06886249675746,0.0508455184792072,3
0.4314515372789762,1.1262536313965426,0.3418529059076809,0.0017777777777777,0.2001874456417627,-0.1132802526287679,157.92184235348847,0.9244289909701272,82.48173330573906,0.0416895698130108,3
0.3184493542710889,0.962397629964773,0.2627423325550306,0.0019111111111111,0.2093865533976798,-0.1220291012773933,126.5518233601294,0.9304528268506296,79.1271134211818,0.0771606355931469,3
0.3826286059837195,1.0502230742327812,0.2459014541538295,0.0016444444444444,0.1988906229060934,-0.1180070965989777,162.28696082831405,0.9452105148214732,70.23490989843997,0.0436298819664241,3
0.3700361224936896,1.1035930641244114,0.2459014541538295,0.0018666666666666,0.1970345174383946,-0.1233357872941241,170.25684033545414,0.9308449531950485,78.90383576673041,0.0303463993902966,3
0.4273953501180106,1.0811702666753922,0.2801790812253812,0.0016,0.1992312948580079,-0.1196455091339013,147.11217351242664,0.9392688516388504,73.9437335504081,0.0500619441007151,3
0.4613499311605772,1.1507728961446917,0.3418529059076809,0.0016222222222222,0.2043075742573688,-0.1177711750995239,152.19943034319053,0.927487270826076,80.79558573839596,0.0154152566806572,3
0.5059847234318885,1.2320421567338664,0.3418529059076809,0.0016444444444444,0.1953404474246899,-0.1175979731292823,157.7686735732405,0.9368370740302268,75.4090538103544,0.0408325275009824,3
0.5331159391535111,1.3166183004778726,0.3672893503718871,0.0017111111111111,0.2030610821743999,-0.1225555680632351,146.07658723694533,0.9247123391180596,82.3270146899482,0.0523650736844588,3
0.3826286059837195,1.0356452566502437,0.2351549862381715,0.0018444444444444,0.1992824597350579,-0.1151986641955443,143.56646750101734,0.9336510712118123,77.28683497850136,0.054683444059686,3
0.2949817363020048,0.9453816212113788,0.2284647054834789,0.0017333333333333,0.2011429140373085,-0.1117993246441194,133.0498002335016,0.93760980651987,74.94652070576353,0.0642109182487462,3
0.5472497463570252,1.182448356222075,0.3103369799491579,0.0018666666666666,0.2046012608420195,-0.1158800124597027,164.00244277276352,0.9279805624775772,80.52077643728634,0.0472398862381098,3
0.4911820683552649,1.149024295582994,0.2842352683863468,0.0018888888888888,0.1990540647079657,-0.122790179118467,172.55433792147656,0.9266273038525892,81.27355934413751,0.0407008783796658,3
0.4761525862372007,1.2367737433861117,0.3077028863554308,0.0019777777777777,0.1988184635997241,-0.1207488372815997,179.545193751819,0.92755342185349,80.75919117863154,0.0329876356362964,3
0.4782500792957189,1.174573418575276,0.2842352683863468,0.0019333333333333,0.1946544721958004,-0.1184334305674806,170.8090765919517,0.9308655150168916,78.89199021491669,0.024461364059503,3
0.4804356004396068,1.1403753207258542,0.2842352683863468,0.0019111111111111,0.196258270713485,-0.1197340756051158,158.61018184407965,0.9345286047390542,76.7743089212678,0.0227974400654051,3
0.5438624070691691,1.249478905404217,0.3672893503718871,0.0018444444444444,0.215807131122116,-0.1184116342489004,165.55862970500027,0.9329997848809882,77.66480147759032,0.016152261495318,3
0.3807825904093477,1.0770811701240124,0.2499576413147951,0.0020222222222222,0.2037911239065596,-0.1159424870198005,145.46732465643905,0.9306422745176864,79.01928847068274,0.0334624949114793,3
0.4488882859493268,1.1401378840507224,0.3103369799491579,0.0020222222222222,0.196698224329716,-0.1117768814474598,134.41073764919992,0.9314059118623036,78.58238204889652,0.0302290660185404,3
0.4636909410259504,1.0704237987597345,0.3485431866623735,0.0018666666666666,0.1887591290620764,-0.1103895035378435,144.32991933353898,0.9475161607573592,68.74177301059414,0.040914676474642,3
0.5274776592632047,1.262875427076171,0.378572418822754,0.0019555555555555,0.1975072137064235,-0.1179619053163628,141.31378402242615,0.9390833892818136,74.05636357006077,0.0510573449636317,3
0.5244669642963712,1.2616474668871136,0.3485431866623735,0.0018888888888888,0.1981981242826758,-0.1198402385050469,130.34698546673317,0.9422602841017856,72.10029356738104,0.0555615014389261,3
0.3740923096546552,1.0917723693789474,0.3077028863554308,0.0019111111111111,0.2032949967316903,-0.1121716425287339,141.2351992226547,0.936725243667512,75.47583060889255,0.0014287172012344,3
0.4935893349075514,1.108816882726192,0.344486999501408,0.0019111111111111,0.1983111558528247,-0.1144075848009151,139.13913011417966,0.9441416052246644,70.91645424571882,0.034012871163371,3
0.3592896545780316,1.0428830722745908,0.2801790812253812,0.0018888888888888,0.2009278173801903,-0.1145682254358725,133.31471497111465,0.9318041971619312,78.35484226124645,0.0083710515019282,3
0.5274776592632047,1.3182956502741614,0.3972534394295546,0.0017111111111111,0.1941739224182593,-0.1149534874175887,124.8255782234065,0.9394026568673168,73.86219414456308,0.1128340741272785,3
0.564911332521462,1.2672793691178006,0.3651918573133689,0.0020444444444444,0.2007664153901447,-0.1132604940548154,137.51494793643155,0.9400827374862544,73.44665709836939,0.0716547824747682,3
0.4911820683552649,1.0934337833894998,0.3122475957544338,0.0017111111111111,0.1937355323200575,-0.1103130459840503,150.97580726867693,0.9359741898308512,75.92228605328023,0.0547662190980067,3
0.4381418180336687,1.0543842545534503,0.3203599700763648,0.0017555555555555,0.1844234874440234,-0.1106161006211048,164.5821496726028,0.933688621879793,77.2650410622548,0.0470888494265109,3
0.6872561108949775,1.4770876403424975,0.4656329453629833,0.0017555555555555,0.1934117563756729,-0.117735822108003,161.97773191852372,0.9299883834354494,79.39047215184218,0.0880575262330423,3
0.4828428669918934,1.1791662062714503,0.3524866952952635,0.0017111111111111,0.1858186161321301,-0.1165488505108761,142.84828555714986,0.9359754780574492,75.92121967761793,0.1008667008270258,3
0.3974312610603431,1.0065765470322057,0.2990539114982909,0.0015777777777777,0.1939009667028009,-0.1052830642470408,132.8463275975057,0.9471480271028764,68.9823769007025,0.0604927650644734,3
0.6255246239348479,1.3899238779338912,0.420998153091672,0.0018,0.1885048570452676,-0.1212591908353646,151.85667742448948,0.9261212957323168,81.55314806782137,0.0808191596802703,3
0.4654061183215427,1.1043788936779917,0.3570794829914379,0.0017111111111111,0.1989413515047843,-0.1120863120862039,127.80690842810152,0.936330727723363,75.71052554284499,0.068461958875071,3
0.6555533076832123,1.3037638056802852,0.4245177397174286,0.0019333333333333,0.1886384887675045,-0.1238431886367483,156.57662068788352,0.9250784122217588,82.12660477521004,0.0803471092898085,3
0.7109317929045585,1.385757975675753,0.4543498769121163,0.0019333333333333,0.1895643608253944,-0.1189153948192468,169.73333591599072,0.9252404418157638,82.03781341112682,0.0837937084630278,3
0.4865892806590905,1.2173344527438217,0.4035614044213214,0.0015777777777777,0.1996826262353732,-0.1088501825271055,126.3354517374284,0.9308056564342146,78.92460353585837,0.1017001395308387,3
0.3570794829914379,1.0615499864085078,0.2773740984137325,0.0019555555555555,0.1986023065585033,-0.1088468101521399,181.566674249242,0.922082478622891,83.75149157009302,0.0197033373368493,3
0.6134000747403966,1.355701571708217,0.401846227125729,0.0017777777777777,0.1862607243542207,-0.1185352397179941,166.8841011534891,0.9306459013923428,79.0172627974432,0.0730959403029318,3
0.7324247287358747,1.425910688367644,0.4584060640730818,0.0019111111111111,0.186286974702439,-0.1218873070564634,186.223923965494,0.9252731754106784,82.01989393659677,0.0696423024018985,3
0.609343887579431,1.4448022142015209,0.401846227125729,0.0017333333333333,0.1925006155877807,-0.1198098415672642,180.3053055869277,0.9303080067185308,79.20940828719519,0.0673838872173753,3
0.6475541603013729,1.482679772302045,0.4543498769121163,0.0017555555555555,0.1897933780213816,-0.1156281109717323,168.2866509358974,0.9246922083719074,82.33796867029382,0.074294858025766,3
0.573560307378602,1.364265039844437,0.382450784352931,0.0017777777777777,0.1972853329767435,-0.1113528392410696,183.81201245576403,0.918511166659278,85.6494608470681,0.0539261570277457,3
0.4935893349075514,1.1831363548944,0.344486999501408,0.0017777777777777,0.1942732143914496,-0.1178597085334349,118.96052557394027,0.9381436183959834,74.62503719903377,0.0618068209473179,3
0.4233391629570451,1.258293173203408,0.344486999501408,0.0018,0.1994428922608338,-0.1131960812024133,145.07837306112862,0.9246450789615526,82.3637604529092,0.035785561766861,3
0.4081777289760011,1.2072704319334489,0.3143931671101234,0.0018,0.195573084294865,-0.1181360250146458,153.37644098300586,0.920587101093804,84.55177153404729,0.0476998221392308,3
0.4812562551396526,1.21025228040784,0.2734888004706886,0.0020888888888888,0.1898859568609046,-0.1153553170535811,177.83140738374573,0.9170866864261874,86.39437220301053,0.065986464914236,3
0.4421980051946342,1.2893205769238936,0.375938325229027,0.0020888888888888,0.1912311503696106,-0.1133022925302904,170.2480558274869,0.9253210054377878,81.99355284474449,0.0493988372503318,3
0.4629988517692562,1.2501660549281406,0.3270502508310574,0.0018444444444444,0.1954337649374344,-0.1090614632927372,149.22559165057012,0.9223279308907528,83.62010995843109,0.0476039617697667,3
0.4639840247543043,1.2375204374620703,0.3229940636700918,0.0018,0.1998026717840251,-0.1149306309691394,157.50192520445557,0.9187686776439388,85.51405638071614,0.0204816314205182,3
0.4228025624218363,1.1942163774185228,0.2459014541538295,0.0018888888888888,0.1952186421980577,-0.1087569204707346,150.8552801105249,0.9282096794868798,80.39229209853445,0.060618659833158,3
0.573560307378602,1.23722349696736,0.3992121335320019,0.0018666666666666,0.1933528816987599,-0.1058806615749165,122.50577376076104,0.9400888904500704,73.44085310413675,0.0732398221341802,3
0.4994544418392985,1.1989692119569728,0.3143931671101234,0.0021555555555555,0.1934735074102118,-0.1188202948863806,165.88176575571944,0.9280135135620264,80.50189497704419,0.0407030643047079,3
0.3633458417389971,1.0788297706857102,0.3270502508310574,0.0020444444444444,0.2038842767593542,-0.1227770456438821,145.44883508840348,0.9297825960650477,79.50720976877062,0.0310054577596943,3
0.4935893349075513,1.2601958923108785,0.3418529059076809,0.0020444444444444,0.1956009715401664,-0.1207378289214083,144.9288333666245,0.9270430563673538,81.04159402665478,0.0645887256062649,3
0.4787866798309279,1.042876348608497,0.344486999501408,0.0018666666666666,0.2012596010585596,-0.1057907198366923,117.09332037080787,0.9494329099969122,67.47538115596642,0.0449378583389534,3
0.4340856308727033,1.1609827635251408,0.2929002312788073,0.0020888888888888,0.1905447810573213,-0.114307791425786,135.14413097678604,0.9367302162816658,75.47258929426525,0.0173191702639836,3
0.5546088749848272,1.2546602456377107,0.3745162316617885,0.0018222222222222,0.1928885737722649,-0.1112651552220907,120.95232031436012,0.9393681228388648,73.8827743446353,0.0626787420152056,3
0.4952382555162304,1.2484321983197797,0.3422768279148143,0.0016444444444444,0.1916427487884249,-0.1232419835874475,149.84487314813396,0.9326609810314184,77.86125724950485,0.0539755595981841,3
0.4273953501180107,1.346486415347362,0.2883074435826328,0.0016666666666666,0.2095131404304422,-0.1308650336594289,128.3910653654163,0.8840632975477475,102.15643454504853,0.051795177175188,3
0.4952382555162304,1.6605877810093477,0.3422768279148143,0.0011777777777777,0.1856762697203452,-0.1181029732581758,126.30915586632466,0.858930572611061,112.6839098556169,0.1680468504555042,3
0.4935893349075514,1.734422736991062,0.3972534394295546,0.0014888888888888,0.2146986091340693,-0.1279588650009676,130.5421222062476,0.8450176287770297,118.10609934222268,0.0829134232241322,3
0.6220050373090913,1.957499709705188,0.3972534394295546,0.0016,0.2099465449833665,-0.146510115008528,174.84313895628395,0.835158176567588,121.80886097964068,0.0799242670140482,3
0.4079999073452127,1.424345784350696,0.2883074435826328,0.0017333333333333,0.2028797413311003,-0.1289647833524205,141.88739385424273,0.8692633013249274,108.48058567784376,0.0329952473108945,3
0.4613499311605772,1.4597358024794318,0.3762971041334474,0.0013333333333333,0.200724114529905,-0.1267418525537109,128.9538216732228,0.8705615041088306,107.9402583725335,0.0938090271192534,3
0.513720496380713,1.5159634366953785,0.3455715770464846,0.0018444444444444,0.2030055569982198,-0.132555791418035,151.4018952200948,0.8719860479775122,107.34394417375164,0.0489722708042659,3
0.4589426646082907,1.4634287448380994,0.2540933576978907,0.0016444444444444,0.2033468828241521,-0.1243511559903478,157.8893840752363,0.8551586673376546,114.1814943395256,0.0463380188962251,3
0.4879465358943452,1.3962989532933447,0.2540933576978907,0.0018222222222222,0.203004837281418,-0.1272659533989797,142.4772868791064,0.8777074771811618,104.91932162308892,0.0374707053172154,3
0.4189241968916592,1.3772890186751,0.3143931671101234,0.0017555555555555,0.2092837777345421,-0.1229600097518199,150.86183113840377,0.8987450478670985,95.47106375878916,0.0484393562473548,3
0.4381418180336687,1.3529898750726872,0.3143931671101234,0.0018,0.2106058753080459,-0.1255875500698826,155.10966705191544,0.8962944945086265,96.61927064249616,0.0518664614991401,3
0.5311572450510638,1.4195255355442844,0.3332039310505411,0.0015777777777777,0.2071675142014009,-0.125437169641476,149.9040427896708,0.8911142897006618,99.00249618140334,0.0381865380369589,3
0.5505526878238617,1.449691483423322,0.3672893503718871,0.0016666666666666,0.1942542071395347,-0.1257523999049496,154.63573631867544,0.9003440362177575,94.71448086541535,0.05856088385458,3
0.4567571434644029,1.3643298262737351,0.2842352683863467,0.0017777777777777,0.2019732478239828,-0.1264918858214361,143.6184923729546,0.8913043055396108,98.91524855975162,0.0430142181741032,3
0.515010342610051,1.3512032951476094,0.2883074435826329,0.0016222222222222,0.2056473456717172,-0.1272079837627661,171.01939109889318,0.8863201934265709,101.15804434888054,0.0368758247144083,3
0.4761525862372007,1.1905090827543778,0.3103369799491579,0.0019555555555555,0.2010400419566441,-0.1159454430470278,135.51137458383613,0.9157222128434458,87.10242074979038,0.0677322071523107,3
0.3592896545780316,0.9152397105229224,0.2627423325550306,0.0015333333333333,0.2053522086585009,-0.1126350968449999,106.8500289283484,0.9188944465994068,85.4478647624947,0.0862635836899379,3
0.4952382555162304,1.4161039414112775,0.3203599700763648,0.0015555555555555,0.1948230516320543,-0.1216434492421036,143.54468837267385,0.8844034408442994,102.00670461252932,0.1415123704976841,3
0.4613499311605772,1.1939665271938364,0.2883074435826329,0.0016444444444444,0.1938617564846068,-0.1170220576213932,148.8897265730841,0.8996440359687587,95.04628537426584,0.0975764057318935,3
0.4314515372789761,1.0201672020823402,0.2734888004706886,0.002,0.2065562956864901,-0.1074736762396551,108.81540483178334,0.9161814747622417,86.86406021511418,0.0437963689733185,3
0.4952382555162304,1.298700278768378,0.3203599700763648,0.0017555555555555,0.1938599754254249,-0.1173485819402261,156.87617876684882,0.8951992570992828,97.12803542789204,0.087475287269289,3
0.3740923096546552,0.955591488591828,0.2801790812253812,0.0016888888888888,0.1952189410122613,-0.1101897469034669,131.2504249861058,0.9291305240806896,79.87547224424186,0.0476562441317524,3
0.4273953501180106,1.068083302770052,0.2801790812253812,0.0017111111111111,0.193978723068003,-0.1181877783958261,145.09331211824502,0.92756997757149,80.74991829681892,0.0403853220652489,3
0.339942290102405,0.9783975411145488,0.2351549862381715,0.0017555555555555,0.1993685281246912,-0.110222256802472,128.92001267652697,0.920663319367351,84.51073153634609,0.0520258532291027,3
